Conductor,Rank,mu_5,lam_5,lam_5_MW,Lp_old,Lp_new,Reg_p,Tam(E),G
197a1,1,0.0,7.0,5.0,"(O(5)*T + (1 + O(5))*T^3 + (4 + O(5))*T^4 + O(5^0)*T^5 + O(T^6), (4 + 4*5 + O(5^2))*T + (3 + 3*5 + O(5^2))*T^3 + (2 + 2*5 + O(5^2))*T^4 + (4*5^-1 + 1 + O(5))*T^5 + O(T^6))","((2*5 + O(5^2))*T + (3*5 + O(5^2))*T^3 + (2*5 + O(5^2))*T^4 + (2 + O(5))*T^5 + O(T^6), (5 + 5^2 + O(5^3))*T + (2*5 + O(5^3))*T^3 + (3*5 + 3*5^2 + O(5^3))*T^4 + (1 + 4*5 + O(5^2))*T^5 + O(T^6))","(2*5^2 + 4*5^3 + 3*5^4 + 5^5 + O(5^24), 5^2 + 5^3 + 4*5^4 + 3*5^5 + O(5^24))",1,O(5)*T + (1 + O(5))*T^3 + (4 + O(5))*T^4 + O(5^0)*T^5 + O(T^6)
197a1,1,0.0,1.0,1.0,"(O(5)*T + (1 + O(5))*T^3 + (4 + O(5))*T^4 + O(5^0)*T^5 + O(T^6), (4 + 4*5 + O(5^2))*T + (3 + 3*5 + O(5^2))*T^3 + (2 + 2*5 + O(5^2))*T^4 + (4*5^-1 + 1 + O(5))*T^5 + O(T^6))","((2*5 + O(5^2))*T + (3*5 + O(5^2))*T^3 + (2*5 + O(5^2))*T^4 + (2 + O(5))*T^5 + O(T^6), (5 + 5^2 + O(5^3))*T + (2*5 + O(5^3))*T^3 + (3*5 + 3*5^2 + O(5^3))*T^4 + (1 + 4*5 + O(5^2))*T^5 + O(T^6))","(2*5^2 + 4*5^3 + 3*5^4 + 5^5 + O(5^24), 5^2 + 5^3 + 4*5^4 + 3*5^5 + O(5^24))",1,O(5)*T + (1 + O(5))*T^3 + (4 + O(5))*T^4 + O(5^0)*T^5 + O(T^6)
274c1,1,0.0,5.0,5.0,"((1 + O(5))*T + (2 + O(5))*T^2 + (4 + O(5))*T^3 + (3 + O(5))*T^4 + (5^-1 + O(5^0))*T^5 + O(T^6), (4 + 2*5 + O(5^2))*T + (3 + 4*5 + O(5^2))*T^2 + (3 + 3*5 + O(5^2))*T^3 + (4 + 5 + O(5^2))*T^4 + (4*5^-1 + 4 + O(5))*T^5 + O(T^6))","(O(5^2)*T + O(5^2)*T^2 + (3*5 + O(5^2))*T^3 + (3*5 + O(5^2))*T^4 + O(5)*T^5 + O(T^6), (5 + O(5^3))*T + (2*5 + 5^2 + O(5^3))*T^2 + (2*5 + O(5^3))*T^3 + (5 + 4*5^2 + O(5^3))*T^4 + (1 + 3*5 + O(5^2))*T^5 + O(T^6))","(3*5^3 + 5^5 + O(5^25), 2*5^2 + 5^3 + 2*5^4 + O(5^24))",2,(2 + O(5))*T + (4 + O(5))*T^2 + (1 + O(5))*T^3 + (4 + O(5))*T^4 + (2*5^-1 + O(5^0))*T^5 + O(T^6)
274c1,1,0.0,1.0,1.0,"((1 + O(5))*T + (2 + O(5))*T^2 + (4 + O(5))*T^3 + (3 + O(5))*T^4 + (5^-1 + O(5^0))*T^5 + O(T^6), (4 + 2*5 + O(5^2))*T + (3 + 4*5 + O(5^2))*T^2 + (3 + 3*5 + O(5^2))*T^3 + (4 + 5 + O(5^2))*T^4 + (4*5^-1 + 4 + O(5))*T^5 + O(T^6))","(O(5^2)*T + O(5^2)*T^2 + (3*5 + O(5^2))*T^3 + (3*5 + O(5^2))*T^4 + O(5)*T^5 + O(T^6), (5 + O(5^3))*T + (2*5 + 5^2 + O(5^3))*T^2 + (2*5 + O(5^3))*T^3 + (5 + 4*5^2 + O(5^3))*T^4 + (1 + 3*5 + O(5^2))*T^5 + O(T^6))","(3*5^3 + 5^5 + O(5^25), 2*5^2 + 5^3 + 2*5^4 + O(5^24))",2,(2 + O(5))*T + (4 + O(5))*T^2 + (1 + O(5))*T^3 + (4 + O(5))*T^4 + (2*5^-1 + O(5^0))*T^5 + O(T^6)
291c1,1,0.0,3.0,1.0,"(O(5)*T + O(5)*T^2 + (4*5^-1 + 4 + O(5))*T^3 + (3*5^-1 + 4 + O(5))*T^4 + O(5^0)*T^5 + O(T^6), (1 + O(5^2))*T + (3 + O(5^2))*T^2 + (3*5 + O(5^2))*T^3 + (5 + O(5^2))*T^4 + (5^-1 + 1 + O(5))*T^5 + O(T^6))","((4*5 + O(5^2))*T + (2*5 + O(5^2))*T^2 + (1 + O(5^2))*T^3 + (2 + O(5^2))*T^4 + (4 + O(5))*T^5 + O(T^6), (4*5 + O(5^3))*T + (2*5 + 2*5^2 + O(5^3))*T^2 + (5 + 3*5^2 + O(5^3))*T^3 + (2*5 + 5^2 + O(5^3))*T^4 + (4 + 4*5 + O(5^2))*T^5 + O(T^6))","(3*5^2 + 2*5^3 + 2*5^4 + 3*5^5 + O(5^24), 3*5^2 + 5^3 + 5^4 + O(5^24))",2,(4 + O(5))*T + (2 + O(5))*T^2 + (4*5^-1 + 2 + O(5))*T^3 + (3*5^-1 + O(5))*T^4 + (4*5^-1 + O(5^0))*T^5 + O(T^6)
291c1,1,0.0,1.0,1.0,"(O(5)*T + O(5)*T^2 + (4*5^-1 + 4 + O(5))*T^3 + (3*5^-1 + 4 + O(5))*T^4 + O(5^0)*T^5 + O(T^6), (1 + O(5^2))*T + (3 + O(5^2))*T^2 + (3*5 + O(5^2))*T^3 + (5 + O(5^2))*T^4 + (5^-1 + 1 + O(5))*T^5 + O(T^6))","((4*5 + O(5^2))*T + (2*5 + O(5^2))*T^2 + (1 + O(5^2))*T^3 + (2 + O(5^2))*T^4 + (4 + O(5))*T^5 + O(T^6), (4*5 + O(5^3))*T + (2*5 + 2*5^2 + O(5^3))*T^2 + (5 + 3*5^2 + O(5^3))*T^3 + (2*5 + 5^2 + O(5^3))*T^4 + (4 + 4*5 + O(5^2))*T^5 + O(T^6))","(3*5^2 + 2*5^3 + 2*5^4 + 3*5^5 + O(5^24), 3*5^2 + 5^3 + 5^4 + O(5^24))",2,(4 + O(5))*T + (2 + O(5))*T^2 + (4*5^-1 + 2 + O(5))*T^3 + (3*5^-1 + O(5))*T^4 + (4*5^-1 + O(5^0))*T^5 + O(T^6)
306b1,1,0.0,3.0,1.0,"((4 + O(5))*T + (1 + O(5))*T^2 + (2*5^-1 + 4 + O(5))*T^3 + (5^-1 + 3 + O(5))*T^4 + (2*5^-1 + O(5^0))*T^5 + O(T^6), (4 + 2*5 + O(5^2))*T + (1 + 3*5 + O(5^2))*T^2 + (4 + 5 + O(5^2))*T^3 + (1 + 5 + O(5^2))*T^4 + (4*5^-1 + 3 + O(5))*T^5 + O(T^6))","((4*5 + O(5^2))*T + (5 + O(5^2))*T^2 + (3 + 5 + O(5^2))*T^3 + (4 + 2*5 + O(5^2))*T^4 + (1 + O(5))*T^5 + O(T^6), (5 + 2*5^2 + O(5^3))*T + (4*5 + 5^2 + O(5^3))*T^2 + (2*5 + 5^2 + O(5^3))*T^3 + (2*5 + 5^2 + O(5^3))*T^4 + (1 + O(5^2))*T^5 + O(T^6))","(4*5^2 + 3*5^3 + 3*5^4 + O(5^24), 5^2 + 5^3 + 2*5^4 + O(5^24))",4,(3 + O(5))*T + (2 + O(5))*T^2 + (2*5^-1 + O(5))*T^3 + (5^-1 + O(5))*T^4 + (5^-1 + O(5^0))*T^5 + O(T^6)
306b1,1,0.0,1.0,1.0,"((4 + O(5))*T + (1 + O(5))*T^2 + (2*5^-1 + 4 + O(5))*T^3 + (5^-1 + 3 + O(5))*T^4 + (2*5^-1 + O(5^0))*T^5 + O(T^6), (4 + 2*5 + O(5^2))*T + (1 + 3*5 + O(5^2))*T^2 + (4 + 5 + O(5^2))*T^3 + (1 + 5 + O(5^2))*T^4 + (4*5^-1 + 3 + O(5))*T^5 + O(T^6))","((4*5 + O(5^2))*T + (5 + O(5^2))*T^2 + (3 + 5 + O(5^2))*T^3 + (4 + 2*5 + O(5^2))*T^4 + (1 + O(5))*T^5 + O(T^6), (5 + 2*5^2 + O(5^3))*T + (4*5 + 5^2 + O(5^3))*T^2 + (2*5 + 5^2 + O(5^3))*T^3 + (2*5 + 5^2 + O(5^3))*T^4 + (1 + O(5^2))*T^5 + O(T^6))","(4*5^2 + 3*5^3 + 3*5^4 + O(5^24), 5^2 + 5^3 + 2*5^4 + O(5^24))",4,(3 + O(5))*T + (2 + O(5))*T^2 + (2*5^-1 + O(5))*T^3 + (5^-1 + O(5))*T^4 + (5^-1 + O(5^0))*T^5 + O(T^6)
333a1,1,0.0,3.0,1.0,"((4 + O(5))*T + (1 + O(5))*T^2 + (3*5^-1 + 4 + O(5))*T^3 + (4*5^-1 + 3 + O(5))*T^4 + (4*5^-1 + O(5^0))*T^5 + O(T^6), (3 + 2*5 + O(5^2))*T + (2 + 3*5 + O(5^2))*T^2 + (4 + 5 + O(5^2))*T^3 + (4*5 + O(5^2))*T^4 + (3*5^-1 + 4 + O(5))*T^5 + O(T^6))","((4*5 + O(5^2))*T + (5 + O(5^2))*T^2 + (2 + O(5^2))*T^3 + (1 + 4*5 + O(5^2))*T^4 + (4 + O(5))*T^5 + O(T^6), (2*5 + 3*5^2 + O(5^3))*T + (3*5 + O(5^3))*T^2 + (4*5 + O(5^3))*T^3 + (4*5 + O(5^3))*T^4 + (2 + 5 + O(5^2))*T^5 + O(T^6))","(4*5^2 + 3*5^4 + 5^5 + O(5^24), 2*5^2 + 2*5^3 + O(5^24))",1,O(5)*T + O(5)*T^2 + (3*5^-1 + 4 + O(5))*T^3 + (4*5^-1 + 4 + O(5))*T^4 + O(5^0)*T^5 + O(T^6)
333a1,1,0.0,1.0,1.0,"((4 + O(5))*T + (1 + O(5))*T^2 + (3*5^-1 + 4 + O(5))*T^3 + (4*5^-1 + 3 + O(5))*T^4 + (4*5^-1 + O(5^0))*T^5 + O(T^6), (3 + 2*5 + O(5^2))*T + (2 + 3*5 + O(5^2))*T^2 + (4 + 5 + O(5^2))*T^3 + (4*5 + O(5^2))*T^4 + (3*5^-1 + 4 + O(5))*T^5 + O(T^6))","((4*5 + O(5^2))*T + (5 + O(5^2))*T^2 + (2 + O(5^2))*T^3 + (1 + 4*5 + O(5^2))*T^4 + (4 + O(5))*T^5 + O(T^6), (2*5 + 3*5^2 + O(5^3))*T + (3*5 + O(5^3))*T^2 + (4*5 + O(5^3))*T^3 + (4*5 + O(5^3))*T^4 + (2 + 5 + O(5^2))*T^5 + O(T^6))","(4*5^2 + 3*5^4 + 5^5 + O(5^24), 2*5^2 + 2*5^3 + O(5^24))",1,O(5)*T + O(5)*T^2 + (3*5^-1 + 4 + O(5))*T^3 + (4*5^-1 + 4 + O(5))*T^4 + O(5^0)*T^5 + O(T^6)
354c1,1,0.0,3.0,1.0,"((1 + O(5))*T + (2*5^-1 + 2 + O(5))*T^3 + (3*5^-1 + 2 + O(5))*T^4 + (2*5^-1 + O(5^0))*T^5 + O(T^6), (4 + 2*5 + O(5^2))*T + (2*5 + O(5^2))*T^3 + (2*5 + O(5^2))*T^4 + (4*5^-1 + 2 + O(5))*T^5 + O(T^6))","(O(5^2)*T + (3 + 2*5 + O(5^2))*T^3 + (2 + 2*5 + O(5^2))*T^4 + (4 + O(5))*T^5 + O(T^6), (5 + O(5^3))*T + (3*5 + 3*5^2 + O(5^3))*T^3 + (2*5 + 2*5^2 + O(5^3))*T^4 + (1 + 4*5 + O(5^2))*T^5 + O(T^6))","(3*5^3 + 4*5^4 + 2*5^5 + O(5^25), 3*5^2 + 3*5^4 + 2*5^5 + O(5^24))",2,(2 + O(5))*T + (2*5^-1 + 1 + O(5))*T^3 + (3*5^-1 + 3 + O(5))*T^4 + (3*5^-1 + O(5^0))*T^5 + O(T^6)
354c1,1,0.0,1.0,1.0,"((1 + O(5))*T + (2*5^-1 + 2 + O(5))*T^3 + (3*5^-1 + 2 + O(5))*T^4 + (2*5^-1 + O(5^0))*T^5 + O(T^6), (4 + 2*5 + O(5^2))*T + (2*5 + O(5^2))*T^3 + (2*5 + O(5^2))*T^4 + (4*5^-1 + 2 + O(5))*T^5 + O(T^6))","(O(5^2)*T + (3 + 2*5 + O(5^2))*T^3 + (2 + 2*5 + O(5^2))*T^4 + (4 + O(5))*T^5 + O(T^6), (5 + O(5^3))*T + (3*5 + 3*5^2 + O(5^3))*T^3 + (2*5 + 2*5^2 + O(5^3))*T^4 + (1 + 4*5 + O(5^2))*T^5 + O(T^6))","(3*5^3 + 4*5^4 + 2*5^5 + O(5^25), 3*5^2 + 3*5^4 + 2*5^5 + O(5^24))",2,(2 + O(5))*T + (2*5^-1 + 1 + O(5))*T^3 + (3*5^-1 + 3 + O(5))*T^4 + (3*5^-1 + O(5^0))*T^5 + O(T^6)
427c1,1,0.0,3.0,1.0,"((1 + O(5))*T + (1 + O(5))*T^2 + (3*5^-1 + O(5))*T^3 + (1 + O(5))*T^4 + (4*5^-1 + O(5^0))*T^5 + O(T^6), (3 + 5 + O(5^2))*T + (3 + 5 + O(5^2))*T^2 + O(5^2)*T^3 + (2*5 + O(5^2))*T^4 + (3*5^-1 + 3 + O(5))*T^5 + O(T^6))","((5 + O(5^2))*T + (5 + O(5^2))*T^2 + (2 + O(5^2))*T^3 + (4*5 + O(5^2))*T^4 + (3 + O(5))*T^5 + O(T^6), (2*5 + 4*5^2 + O(5^3))*T + (2*5 + 4*5^2 + O(5^3))*T^2 + (2*5 + 5^2 + O(5^3))*T^3 + (2*5^2 + O(5^3))*T^4 + (2 + 4*5 + O(5^2))*T^5 + O(T^6))","(5^2 + 2*5^3 + 3*5^4 + 4*5^5 + O(5^24), 2*5^2 + 4*5^3 + 4*5^5 + O(5^24))",1,(3 + O(5))*T + (3 + O(5))*T^2 + (3*5^-1 + O(5))*T^3 + (1 + O(5))*T^4 + (5^-1 + O(5^0))*T^5 + O(T^6)
427c1,1,0.0,1.0,1.0,"((1 + O(5))*T + (1 + O(5))*T^2 + (3*5^-1 + O(5))*T^3 + (1 + O(5))*T^4 + (4*5^-1 + O(5^0))*T^5 + O(T^6), (3 + 5 + O(5^2))*T + (3 + 5 + O(5^2))*T^2 + O(5^2)*T^3 + (2*5 + O(5^2))*T^4 + (3*5^-1 + 3 + O(5))*T^5 + O(T^6))","((5 + O(5^2))*T + (5 + O(5^2))*T^2 + (2 + O(5^2))*T^3 + (4*5 + O(5^2))*T^4 + (3 + O(5))*T^5 + O(T^6), (2*5 + 4*5^2 + O(5^3))*T + (2*5 + 4*5^2 + O(5^3))*T^2 + (2*5 + 5^2 + O(5^3))*T^3 + (2*5^2 + O(5^3))*T^4 + (2 + 4*5 + O(5^2))*T^5 + O(T^6))","(5^2 + 2*5^3 + 3*5^4 + 4*5^5 + O(5^24), 2*5^2 + 4*5^3 + 4*5^5 + O(5^24))",1,(3 + O(5))*T + (3 + O(5))*T^2 + (3*5^-1 + O(5))*T^3 + (1 + O(5))*T^4 + (5^-1 + O(5^0))*T^5 + O(T^6)
438c1,1,0.0,3.0,1.0,"((4 + O(5))*T + (2 + O(5))*T^2 + (4*5^-1 + 2 + O(5))*T^3 + (3*5^-1 + 1 + O(5))*T^4 + (4*5^-1 + O(5^0))*T^5 + O(T^6), (1 + 3*5 + O(5^2))*T + (3 + 4*5 + O(5^2))*T^2 + (2 + 2*5 + O(5^2))*T^3 + (4 + 3*5 + O(5^2))*T^4 + (5^-1 + 2 + O(5))*T^5 + O(T^6))","((3*5 + O(5^2))*T + (4*5 + O(5^2))*T^2 + (1 + 4*5 + O(5^2))*T^3 + (2 + 2*5 + O(5^2))*T^4 + (3 + O(5))*T^5 + O(T^6), (4*5 + 2*5^2 + O(5^3))*T + (2*5 + 3*5^2 + O(5^3))*T^2 + (2*5^2 + O(5^3))*T^3 + (3*5^2 + O(5^3))*T^4 + (4 + 3*5 + O(5^2))*T^5 + O(T^6))","(3*5^2 + 4*5^4 + 5^5 + O(5^24), 4*5^2 + 2*5^3 + 5^4 + 5^5 + O(5^24))",4,O(5)*T + O(5)*T^2 + (4*5^-1 + 1 + O(5))*T^3 + (3*5^-1 + 4 + O(5))*T^4 + O(5^0)*T^5 + O(T^6)
438c1,1,0.0,1.0,1.0,"((4 + O(5))*T + (2 + O(5))*T^2 + (4*5^-1 + 2 + O(5))*T^3 + (3*5^-1 + 1 + O(5))*T^4 + (4*5^-1 + O(5^0))*T^5 + O(T^6), (1 + 3*5 + O(5^2))*T + (3 + 4*5 + O(5^2))*T^2 + (2 + 2*5 + O(5^2))*T^3 + (4 + 3*5 + O(5^2))*T^4 + (5^-1 + 2 + O(5))*T^5 + O(T^6))","((3*5 + O(5^2))*T + (4*5 + O(5^2))*T^2 + (1 + 4*5 + O(5^2))*T^3 + (2 + 2*5 + O(5^2))*T^4 + (3 + O(5))*T^5 + O(T^6), (4*5 + 2*5^2 + O(5^3))*T + (2*5 + 3*5^2 + O(5^3))*T^2 + (2*5^2 + O(5^3))*T^3 + (3*5^2 + O(5^3))*T^4 + (4 + 3*5 + O(5^2))*T^5 + O(T^6))","(3*5^2 + 4*5^4 + 5^5 + O(5^24), 4*5^2 + 2*5^3 + 5^4 + 5^5 + O(5^24))",4,O(5)*T + O(5)*T^2 + (4*5^-1 + 1 + O(5))*T^3 + (3*5^-1 + 4 + O(5))*T^4 + O(5^0)*T^5 + O(T^6)
477a1,1,0.0,3.0,1.0,"((3 + O(5))*T + (3 + O(5))*T^2 + (2*5^-1 + 3 + O(5))*T^3 + (3 + O(5))*T^4 + (2*5^-1 + O(5^0))*T^5 + O(T^6), (2 + 4*5 + O(5^2))*T + (2 + 4*5 + O(5^2))*T^2 + (2 + 2*5 + O(5^2))*T^3 + (5 + O(5^2))*T^4 + (2*5^-1 + 3 + O(5))*T^5 + O(T^6))","(O(5^2)*T + O(5^2)*T^2 + (3 + 5 + O(5^2))*T^3 + (2*5 + O(5^2))*T^4 + (1 + O(5))*T^5 + O(T^6), (3*5 + 2*5^2 + O(5^3))*T + (3*5 + 2*5^2 + O(5^3))*T^2 + (5 + 3*5^2 + O(5^3))*T^3 + (5^2 + O(5^3))*T^4 + (3 + 4*5 + O(5^2))*T^5 + O(T^6))","(2*5^3 + 2*5^4 + 3*5^5 + O(5^25), 3*5^2 + 5^3 + 2*5^4 + O(5^24))",1,(1 + O(5))*T + (1 + O(5))*T^2 + (2*5^-1 + 3 + O(5))*T^3 + (3 + O(5))*T^4 + O(5^0)*T^5 + O(T^6)
477a1,1,0.0,1.0,1.0,"((3 + O(5))*T + (3 + O(5))*T^2 + (2*5^-1 + 3 + O(5))*T^3 + (3 + O(5))*T^4 + (2*5^-1 + O(5^0))*T^5 + O(T^6), (2 + 4*5 + O(5^2))*T + (2 + 4*5 + O(5^2))*T^2 + (2 + 2*5 + O(5^2))*T^3 + (5 + O(5^2))*T^4 + (2*5^-1 + 3 + O(5))*T^5 + O(T^6))","(O(5^2)*T + O(5^2)*T^2 + (3 + 5 + O(5^2))*T^3 + (2*5 + O(5^2))*T^4 + (1 + O(5))*T^5 + O(T^6), (3*5 + 2*5^2 + O(5^3))*T + (3*5 + 2*5^2 + O(5^3))*T^2 + (5 + 3*5^2 + O(5^3))*T^3 + (5^2 + O(5^3))*T^4 + (3 + 4*5 + O(5^2))*T^5 + O(T^6))","(2*5^3 + 2*5^4 + 3*5^5 + O(5^25), 3*5^2 + 5^3 + 2*5^4 + O(5^24))",1,(1 + O(5))*T + (1 + O(5))*T^2 + (2*5^-1 + 3 + O(5))*T^3 + (3 + O(5))*T^4 + O(5^0)*T^5 + O(T^6)
486a1,1,0.0,3.0,1.0,"((1 + O(5))*T + (1 + O(5))*T^2 + (3*5^-1 + 2 + O(5))*T^3 + (4 + O(5))*T^4 + (4*5^-1 + O(5^0))*T^5 + O(T^6), (4 + 3*5 + O(5^2))*T + (4 + 3*5 + O(5^2))*T^2 + (1 + 3*5 + O(5^2))*T^3 + (3*5 + O(5^2))*T^4 + (4*5^-1 + 3 + O(5))*T^5 + O(T^6))","(O(5^2)*T + O(5^2)*T^2 + (2 + 4*5 + O(5^2))*T^3 + (5 + O(5^2))*T^4 + (2 + O(5))*T^5 + O(T^6), (5 + O(5^3))*T + (5 + O(5^3))*T^2 + (5 + 2*5^2 + O(5^3))*T^3 + (3*5^2 + O(5^3))*T^4 + (1 + 2*5 + O(5^2))*T^5 + O(T^6))","(5^3 + 2*5^5 + O(5^25), 3*5^2 + 3*5^3 + 3*5^4 + 4*5^5 + O(5^24))",2,(2 + O(5))*T + (2 + O(5))*T^2 + (3*5^-1 + 4 + O(5))*T^3 + (4 + O(5))*T^4 + O(5^0)*T^5 + O(T^6)
486a1,1,0.0,1.0,1.0,"((1 + O(5))*T + (1 + O(5))*T^2 + (3*5^-1 + 2 + O(5))*T^3 + (4 + O(5))*T^4 + (4*5^-1 + O(5^0))*T^5 + O(T^6), (4 + 3*5 + O(5^2))*T + (4 + 3*5 + O(5^2))*T^2 + (1 + 3*5 + O(5^2))*T^3 + (3*5 + O(5^2))*T^4 + (4*5^-1 + 3 + O(5))*T^5 + O(T^6))","(O(5^2)*T + O(5^2)*T^2 + (2 + 4*5 + O(5^2))*T^3 + (5 + O(5^2))*T^4 + (2 + O(5))*T^5 + O(T^6), (5 + O(5^3))*T + (5 + O(5^3))*T^2 + (5 + 2*5^2 + O(5^3))*T^3 + (3*5^2 + O(5^3))*T^4 + (1 + 2*5 + O(5^2))*T^5 + O(T^6))","(5^3 + 2*5^5 + O(5^25), 3*5^2 + 3*5^3 + 3*5^4 + 4*5^5 + O(5^24))",2,(2 + O(5))*T + (2 + O(5))*T^2 + (3*5^-1 + 4 + O(5))*T^3 + (4 + O(5))*T^4 + O(5^0)*T^5 + O(T^6)
528a1,1,0.0,5.0,5.0,"((1 + O(5))*T + (4 + O(5))*T^3 + (1 + O(5))*T^4 + (5^-1 + O(5^0))*T^5 + O(T^6), (1 + 4*5 + O(5^2))*T + (1 + 4*5 + O(5^2))*T^3 + (4 + 5 + O(5^2))*T^4 + (5^-1 + 3 + O(5))*T^5 + O(T^6))","((2*5 + O(5^2))*T + (4*5 + O(5^2))*T^3 + (5 + O(5^2))*T^4 + (2 + O(5))*T^5 + O(T^6), (4*5 + 4*5^2 + O(5^3))*T + (4*5 + O(5^3))*T^3 + (5 + 3*5^2 + O(5^3))*T^4 + (4 + O(5^2))*T^5 + O(T^6))","(2*5^2 + 5^4 + O(5^24), 4*5^2 + 5^3 + 5^4 + O(5^24))",4,(1 + O(5))*T + (4 + O(5))*T^3 + (1 + O(5))*T^4 + (5^-1 + O(5^0))*T^5 + O(T^6)
528a1,1,0.0,1.0,1.0,"((1 + O(5))*T + (4 + O(5))*T^3 + (1 + O(5))*T^4 + (5^-1 + O(5^0))*T^5 + O(T^6), (1 + 4*5 + O(5^2))*T + (1 + 4*5 + O(5^2))*T^3 + (4 + 5 + O(5^2))*T^4 + (5^-1 + 3 + O(5))*T^5 + O(T^6))","((2*5 + O(5^2))*T + (4*5 + O(5^2))*T^3 + (5 + O(5^2))*T^4 + (2 + O(5))*T^5 + O(T^6), (4*5 + 4*5^2 + O(5^3))*T + (4*5 + O(5^3))*T^3 + (5 + 3*5^2 + O(5^3))*T^4 + (4 + O(5^2))*T^5 + O(T^6))","(2*5^2 + 5^4 + O(5^24), 4*5^2 + 5^3 + 5^4 + O(5^24))",4,(1 + O(5))*T + (4 + O(5))*T^3 + (1 + O(5))*T^4 + (5^-1 + O(5^0))*T^5 + O(T^6)
528g1,1,0.0,3.0,1.0,"((1 + O(5))*T + (5^-1 + 4 + O(5))*T^3 + (4*5^-1 + 1 + O(5))*T^4 + (5^-1 + O(5^0))*T^5 + O(T^6), (3 + 5 + O(5^2))*T + (1 + O(5^2))*T^3 + (4 + O(5^2))*T^4 + (3*5^-1 + 4 + O(5))*T^5 + O(T^6))","((2*5 + O(5^2))*T + (4 + 5 + O(5^2))*T^3 + (1 + 2*5 + O(5^2))*T^4 + (2 + O(5))*T^5 + O(T^6), (2*5 + 2*5^2 + O(5^3))*T + (4*5^2 + O(5^3))*T^3 + (5^2 + O(5^3))*T^4 + (2 + 4*5 + O(5^2))*T^5 + O(T^6))","(2*5^2 + 5^4 + O(5^24), 2*5^2 + 4*5^3 + 5^5 + O(5^24))",4,(2 + O(5))*T + (5^-1 + 2 + O(5))*T^3 + (4*5^-1 + 3 + O(5))*T^4 + (2*5^-1 + O(5^0))*T^5 + O(T^6)
528g1,1,0.0,1.0,1.0,"((1 + O(5))*T + (5^-1 + 4 + O(5))*T^3 + (4*5^-1 + 1 + O(5))*T^4 + (5^-1 + O(5^0))*T^5 + O(T^6), (3 + 5 + O(5^2))*T + (1 + O(5^2))*T^3 + (4 + O(5^2))*T^4 + (3*5^-1 + 4 + O(5))*T^5 + O(T^6))","((2*5 + O(5^2))*T + (4 + 5 + O(5^2))*T^3 + (1 + 2*5 + O(5^2))*T^4 + (2 + O(5))*T^5 + O(T^6), (2*5 + 2*5^2 + O(5^3))*T + (4*5^2 + O(5^3))*T^3 + (5^2 + O(5^3))*T^4 + (2 + 4*5 + O(5^2))*T^5 + O(T^6))","(2*5^2 + 5^4 + O(5^24), 2*5^2 + 4*5^3 + 5^5 + O(5^24))",4,(2 + O(5))*T + (5^-1 + 2 + O(5))*T^3 + (4*5^-1 + 3 + O(5))*T^4 + (2*5^-1 + O(5^0))*T^5 + O(T^6)
542b1,1,0.0,5.0,5.0,"((4 + O(5))*T + (1 + O(5))*T^2 + (4 + O(5))*T^4 + (4*5^-1 + O(5^0))*T^5 + O(T^6), (2 + 3*5 + O(5^2))*T + (3 + 2*5 + O(5^2))*T^2 + (2 + 3*5 + O(5^2))*T^4 + (2*5^-1 + 2 + O(5))*T^5 + O(T^6))","((2*5 + O(5^2))*T + (3*5 + O(5^2))*T^2 + (2*5 + O(5^2))*T^4 + (2 + O(5))*T^5 + O(T^6), (3*5 + 3*5^2 + O(5^3))*T + (2*5 + O(5^3))*T^2 + (3*5 + 3*5^2 + O(5^3))*T^4 + (3 + 4*5 + O(5^2))*T^5 + O(T^6))","(5^2 + 5^3 + 5^4 + 5^5 + O(5^24), 4*5^2 + 4*5^3 + 4*5^5 + O(5^24))",7,(4 + O(5))*T + (1 + O(5))*T^2 + (4 + O(5))*T^4 + (4*5^-1 + O(5^0))*T^5 + O(T^6)
542b1,1,0.0,1.0,1.0,"((4 + O(5))*T + (1 + O(5))*T^2 + (4 + O(5))*T^4 + (4*5^-1 + O(5^0))*T^5 + O(T^6), (2 + 3*5 + O(5^2))*T + (3 + 2*5 + O(5^2))*T^2 + (2 + 3*5 + O(5^2))*T^4 + (2*5^-1 + 2 + O(5))*T^5 + O(T^6))","((2*5 + O(5^2))*T + (3*5 + O(5^2))*T^2 + (2*5 + O(5^2))*T^4 + (2 + O(5))*T^5 + O(T^6), (3*5 + 3*5^2 + O(5^3))*T + (2*5 + O(5^3))*T^2 + (3*5 + 3*5^2 + O(5^3))*T^4 + (3 + 4*5 + O(5^2))*T^5 + O(T^6))","(5^2 + 5^3 + 5^4 + 5^5 + O(5^24), 4*5^2 + 4*5^3 + 4*5^5 + O(5^24))",7,(4 + O(5))*T + (1 + O(5))*T^2 + (4 + O(5))*T^4 + (4*5^-1 + O(5^0))*T^5 + O(T^6)
588b1,1,0.0,3.0,1.0,"(O(5)*T + O(5)*T^2 + (5^-1 + 4 + O(5))*T^3 + (2*5^-1 + 1 + O(5))*T^4 + O(5^0)*T^5 + O(T^6), (4 + 2*5 + O(5^2))*T + (2 + 5 + O(5^2))*T^2 + (4 + O(5^2))*T^3 + (3 + 3*5 + O(5^2))*T^4 + (4*5^-1 + 4 + O(5))*T^5 + O(T^6))","((5 + O(5^2))*T + (3*5 + O(5^2))*T^2 + (4 + 3*5 + O(5^2))*T^3 + (3 + 4*5 + O(5^2))*T^4 + (1 + O(5))*T^5 + O(T^6), (5 + 3*5^2 + O(5^3))*T + (3*5 + 5^2 + O(5^3))*T^2 + (3*5^2 + O(5^3))*T^3 + (5^2 + O(5^3))*T^4 + (1 + 5 + O(5^2))*T^5 + O(T^6))","(2*5^2 + 5^4 + 4*5^5 + O(5^24), 2*5^2 + 2*5^4 + 5^5 + O(5^24))",12,(1 + O(5))*T + (3 + O(5))*T^2 + (5^-1 + O(5))*T^3 + (2*5^-1 + 3 + O(5))*T^4 + (5^-1 + O(5^0))*T^5 + O(T^6)
588b1,1,0.0,1.0,1.0,"(O(5)*T + O(5)*T^2 + (5^-1 + 4 + O(5))*T^3 + (2*5^-1 + 1 + O(5))*T^4 + O(5^0)*T^5 + O(T^6), (4 + 2*5 + O(5^2))*T + (2 + 5 + O(5^2))*T^2 + (4 + O(5^2))*T^3 + (3 + 3*5 + O(5^2))*T^4 + (4*5^-1 + 4 + O(5))*T^5 + O(T^6))","((5 + O(5^2))*T + (3*5 + O(5^2))*T^2 + (4 + 3*5 + O(5^2))*T^3 + (3 + 4*5 + O(5^2))*T^4 + (1 + O(5))*T^5 + O(T^6), (5 + 3*5^2 + O(5^3))*T + (3*5 + 5^2 + O(5^3))*T^2 + (3*5^2 + O(5^3))*T^3 + (5^2 + O(5^3))*T^4 + (1 + 5 + O(5^2))*T^5 + O(T^6))","(2*5^2 + 5^4 + 4*5^5 + O(5^24), 2*5^2 + 2*5^4 + 5^5 + O(5^24))",12,(1 + O(5))*T + (3 + O(5))*T^2 + (5^-1 + O(5))*T^3 + (2*5^-1 + 3 + O(5))*T^4 + (5^-1 + O(5^0))*T^5 + O(T^6)
591a1,1,0.0,3.0,1.0,"(O(5)*T + O(5)*T^2 + (5^-1 + 3 + O(5))*T^3 + (2*5^-1 + O(5))*T^4 + (5^-1 + O(5^0))*T^5 + O(T^6), (1 + 4*5 + O(5^2))*T + (3 + 2*5 + O(5^2))*T^2 + (3 + 3*5 + O(5^2))*T^3 + (1 + 3*5 + O(5^2))*T^4 + (5^-1 + 1 + O(5))*T^5 + O(T^6))","((4*5 + O(5^2))*T + (2*5 + O(5^2))*T^2 + (4 + 4*5 + O(5^2))*T^3 + (3 + O(5^2))*T^4 + (3 + O(5))*T^5 + O(T^6), (4*5 + O(5^3))*T + (2*5 + 2*5^2 + O(5^3))*T^2 + (5 + 4*5^2 + O(5^3))*T^3 + (2*5 + 3*5^2 + O(5^3))*T^4 + (4 + 2*5 + O(5^2))*T^5 + O(T^6))","(2*5^2 + 4*5^3 + 3*5^4 + 3*5^5 + O(5^24), 2*5^2 + 2*5^4 + 2*5^5 + O(5^24))",2,(4 + O(5))*T + (2 + O(5))*T^2 + (5^-1 + 1 + O(5))*T^3 + (2*5^-1 + 1 + O(5))*T^4 + O(5^0)*T^5 + O(T^6)
591a1,1,0.0,1.0,1.0,"(O(5)*T + O(5)*T^2 + (5^-1 + 3 + O(5))*T^3 + (2*5^-1 + O(5))*T^4 + (5^-1 + O(5^0))*T^5 + O(T^6), (1 + 4*5 + O(5^2))*T + (3 + 2*5 + O(5^2))*T^2 + (3 + 3*5 + O(5^2))*T^3 + (1 + 3*5 + O(5^2))*T^4 + (5^-1 + 1 + O(5))*T^5 + O(T^6))","((4*5 + O(5^2))*T + (2*5 + O(5^2))*T^2 + (4 + 4*5 + O(5^2))*T^3 + (3 + O(5^2))*T^4 + (3 + O(5))*T^5 + O(T^6), (4*5 + O(5^3))*T + (2*5 + 2*5^2 + O(5^3))*T^2 + (5 + 4*5^2 + O(5^3))*T^3 + (2*5 + 3*5^2 + O(5^3))*T^4 + (4 + 2*5 + O(5^2))*T^5 + O(T^6))","(2*5^2 + 4*5^3 + 3*5^4 + 3*5^5 + O(5^24), 2*5^2 + 2*5^4 + 2*5^5 + O(5^24))",2,(4 + O(5))*T + (2 + O(5))*T^2 + (5^-1 + 1 + O(5))*T^3 + (2*5^-1 + 1 + O(5))*T^4 + O(5^0)*T^5 + O(T^6)
608f1,1,0.0,3.0,1.0,"((3 + O(5))*T + (2 + O(5))*T^2 + (4*5^-1 + 4 + O(5))*T^3 + (2*5^-1 + 1 + O(5))*T^4 + O(5^0)*T^5 + O(T^6), (3 + 2*5 + O(5^2))*T + (2 + 3*5 + O(5^2))*T^2 + (1 + 2*5 + O(5^2))*T^3 + (1 + O(5^2))*T^4 + (3*5^-1 + 4 + O(5))*T^5 + O(T^6))","((5 + O(5^2))*T + (4*5 + O(5^2))*T^2 + (1 + 4*5 + O(5^2))*T^3 + (3 + 4*5 + O(5^2))*T^4 + (4 + O(5))*T^5 + O(T^6), (2*5 + 4*5^2 + O(5^3))*T + (3*5 + 4*5^2 + O(5^3))*T^2 + (2*5 + 4*5^2 + O(5^3))*T^3 + (3*5 + 4*5^2 + O(5^3))*T^4 + (2 + 5 + O(5^2))*T^5 + O(T^6))","(3*5^2 + 3*5^4 + 2*5^5 + O(5^24), 5^2 + 3*5^3 + 2*5^4 + 4*5^5 + O(5^24))",2,(3 + O(5))*T + (2 + O(5))*T^2 + (4*5^-1 + O(5))*T^3 + (2*5^-1 + 4 + O(5))*T^4 + O(5^0)*T^5 + O(T^6)
608f1,1,0.0,1.0,1.0,"((3 + O(5))*T + (2 + O(5))*T^2 + (4*5^-1 + 4 + O(5))*T^3 + (2*5^-1 + 1 + O(5))*T^4 + O(5^0)*T^5 + O(T^6), (3 + 2*5 + O(5^2))*T + (2 + 3*5 + O(5^2))*T^2 + (1 + 2*5 + O(5^2))*T^3 + (1 + O(5^2))*T^4 + (3*5^-1 + 4 + O(5))*T^5 + O(T^6))","((5 + O(5^2))*T + (4*5 + O(5^2))*T^2 + (1 + 4*5 + O(5^2))*T^3 + (3 + 4*5 + O(5^2))*T^4 + (4 + O(5))*T^5 + O(T^6), (2*5 + 4*5^2 + O(5^3))*T + (3*5 + 4*5^2 + O(5^3))*T^2 + (2*5 + 4*5^2 + O(5^3))*T^3 + (3*5 + 4*5^2 + O(5^3))*T^4 + (2 + 5 + O(5^2))*T^5 + O(T^6))","(3*5^2 + 3*5^4 + 2*5^5 + O(5^24), 5^2 + 3*5^3 + 2*5^4 + 4*5^5 + O(5^24))",2,(3 + O(5))*T + (2 + O(5))*T^2 + (4*5^-1 + O(5))*T^3 + (2*5^-1 + 4 + O(5))*T^4 + O(5^0)*T^5 + O(T^6)
644b1,1,0.0,5.0,5.0,"((1 + O(5))*T + (4 + O(5))*T^2 + (2 + O(5))*T^3 + (2 + O(5))*T^4 + (5^-1 + O(5^0))*T^5 + O(T^6), (3 + 2*5 + O(5^2))*T + (2 + 3*5 + O(5^2))*T^2 + (3*5 + O(5^2))*T^3 + (3 + 5 + O(5^2))*T^4 + (3*5^-1 + O(5))*T^5 + O(T^6))","((2*5 + O(5^2))*T + (3*5 + O(5^2))*T^2 + (3*5 + O(5^2))*T^3 + (5 + O(5^2))*T^4 + (2 + O(5))*T^5 + O(T^6), (2*5 + 2*5^2 + O(5^3))*T + (3*5 + 5^2 + O(5^3))*T^2 + (4*5^2 + O(5^3))*T^3 + (2*5 + 4*5^2 + O(5^3))*T^4 + (2 + 4*5 + O(5^2))*T^5 + O(T^6))","(2*5^2 + 3*5^4 + 4*5^5 + O(5^24), 2*5^2 + 4*5^3 + 2*5^5 + O(5^24))",6,(2 + O(5))*T + (3 + O(5))*T^2 + (2 + O(5))*T^3 + (3 + O(5))*T^4 + (2*5^-1 + O(5^0))*T^5 + O(T^6)
644b1,1,0.0,1.0,1.0,"((1 + O(5))*T + (4 + O(5))*T^2 + (2 + O(5))*T^3 + (2 + O(5))*T^4 + (5^-1 + O(5^0))*T^5 + O(T^6), (3 + 2*5 + O(5^2))*T + (2 + 3*5 + O(5^2))*T^2 + (3*5 + O(5^2))*T^3 + (3 + 5 + O(5^2))*T^4 + (3*5^-1 + O(5))*T^5 + O(T^6))","((2*5 + O(5^2))*T + (3*5 + O(5^2))*T^2 + (3*5 + O(5^2))*T^3 + (5 + O(5^2))*T^4 + (2 + O(5))*T^5 + O(T^6), (2*5 + 2*5^2 + O(5^3))*T + (3*5 + 5^2 + O(5^3))*T^2 + (4*5^2 + O(5^3))*T^3 + (2*5 + 4*5^2 + O(5^3))*T^4 + (2 + 4*5 + O(5^2))*T^5 + O(T^6))","(2*5^2 + 3*5^4 + 4*5^5 + O(5^24), 2*5^2 + 4*5^3 + 2*5^5 + O(5^24))",6,(2 + O(5))*T + (3 + O(5))*T^2 + (2 + O(5))*T^3 + (3 + O(5))*T^4 + (2*5^-1 + O(5^0))*T^5 + O(T^6)
677a1,1,0.0,3.0,1.0,"((1 + O(5))*T + (1 + O(5))*T^2 + (5^-1 + O(5))*T^3 + (2 + O(5))*T^4 + O(5^0)*T^5 + O(T^6), (2 + O(5^2))*T + (2 + O(5^2))*T^2 + (2 + 4*5 + O(5^2))*T^3 + (4*5 + O(5^2))*T^4 + (2*5^-1 + 2 + O(5))*T^5 + O(T^6))","((2*5 + O(5^2))*T + (2*5 + O(5^2))*T^2 + (4 + 3*5 + O(5^2))*T^3 + (3*5 + O(5^2))*T^4 + (3 + O(5))*T^5 + O(T^6), (3*5 + 3*5^2 + O(5^3))*T + (3*5 + 3*5^2 + O(5^3))*T^2 + (2*5 + 4*5^2 + O(5^3))*T^3 + (4*5^2 + O(5^3))*T^4 + (3 + 2*5 + O(5^2))*T^5 + O(T^6))","(2*5^2 + 2*5^3 + 2*5^4 + 4*5^5 + O(5^24), 3*5^2 + 5^3 + 5^4 + 4*5^5 + O(5^24))",1,(4 + O(5))*T + (4 + O(5))*T^2 + (5^-1 + 4 + O(5))*T^3 + (2 + O(5))*T^4 + (3*5^-1 + O(5^0))*T^5 + O(T^6)
677a1,1,0.0,1.0,1.0,"((1 + O(5))*T + (1 + O(5))*T^2 + (5^-1 + O(5))*T^3 + (2 + O(5))*T^4 + O(5^0)*T^5 + O(T^6), (2 + O(5^2))*T + (2 + O(5^2))*T^2 + (2 + 4*5 + O(5^2))*T^3 + (4*5 + O(5^2))*T^4 + (2*5^-1 + 2 + O(5))*T^5 + O(T^6))","((2*5 + O(5^2))*T + (2*5 + O(5^2))*T^2 + (4 + 3*5 + O(5^2))*T^3 + (3*5 + O(5^2))*T^4 + (3 + O(5))*T^5 + O(T^6), (3*5 + 3*5^2 + O(5^3))*T + (3*5 + 3*5^2 + O(5^3))*T^2 + (2*5 + 4*5^2 + O(5^3))*T^3 + (4*5^2 + O(5^3))*T^4 + (3 + 2*5 + O(5^2))*T^5 + O(T^6))","(2*5^2 + 2*5^3 + 2*5^4 + 4*5^5 + O(5^24), 3*5^2 + 5^3 + 5^4 + 4*5^5 + O(5^24))",1,(4 + O(5))*T + (4 + O(5))*T^2 + (5^-1 + 4 + O(5))*T^3 + (2 + O(5))*T^4 + (3*5^-1 + O(5^0))*T^5 + O(T^6)
682a1,1,0.0,3.0,1.0,"((3 + O(5))*T + (1 + O(5))*T^2 + (3*5^-1 + 2 + O(5))*T^3 + (3*5^-1 + O(5))*T^4 + (4*5^-1 + O(5^0))*T^5 + O(T^6), (2 + 5 + O(5^2))*T + (4 + 2*5 + O(5^2))*T^2 + (3 + 5 + O(5^2))*T^3 + (1 + O(5^2))*T^4 + (2*5^-1 + O(5))*T^5 + O(T^6))","((4*5 + O(5^2))*T + (3*5 + O(5^2))*T^2 + (2 + 5 + O(5^2))*T^3 + (2 + 5 + O(5^2))*T^4 + (3 + O(5))*T^5 + O(T^6), (3*5 + 4*5^2 + O(5^3))*T + (5 + 4*5^2 + O(5^3))*T^2 + (3*5^2 + O(5^3))*T^3 + (2*5 + 4*5^2 + O(5^3))*T^4 + (3 + 5 + O(5^2))*T^5 + O(T^6))","(4*5^2 + 3*5^3 + 5^4 + 5^5 + O(5^24), 3*5^2 + 5^3 + 3*5^4 + 3*5^5 + O(5^24))",9,(2 + O(5))*T + (4 + O(5))*T^2 + (3*5^-1 + O(5))*T^3 + (3*5^-1 + 4 + O(5))*T^4 + (3*5^-1 + O(5^0))*T^5 + O(T^6)
682a1,1,0.0,1.0,1.0,"((3 + O(5))*T + (1 + O(5))*T^2 + (3*5^-1 + 2 + O(5))*T^3 + (3*5^-1 + O(5))*T^4 + (4*5^-1 + O(5^0))*T^5 + O(T^6), (2 + 5 + O(5^2))*T + (4 + 2*5 + O(5^2))*T^2 + (3 + 5 + O(5^2))*T^3 + (1 + O(5^2))*T^4 + (2*5^-1 + O(5))*T^5 + O(T^6))","((4*5 + O(5^2))*T + (3*5 + O(5^2))*T^2 + (2 + 5 + O(5^2))*T^3 + (2 + 5 + O(5^2))*T^4 + (3 + O(5))*T^5 + O(T^6), (3*5 + 4*5^2 + O(5^3))*T + (5 + 4*5^2 + O(5^3))*T^2 + (3*5^2 + O(5^3))*T^3 + (2*5 + 4*5^2 + O(5^3))*T^4 + (3 + 5 + O(5^2))*T^5 + O(T^6))","(4*5^2 + 3*5^3 + 5^4 + 5^5 + O(5^24), 3*5^2 + 5^3 + 3*5^4 + 3*5^5 + O(5^24))",9,(2 + O(5))*T + (4 + O(5))*T^2 + (3*5^-1 + O(5))*T^3 + (3*5^-1 + 4 + O(5))*T^4 + (3*5^-1 + O(5^0))*T^5 + O(T^6)
722a1,1,0.0,3.0,1.0,"((3 + O(5))*T + (3*5^-1 + O(5))*T^3 + (2*5^-1 + 2 + O(5))*T^4 + (2*5^-1 + O(5^0))*T^5 + O(T^6), (2 + O(5^2))*T + (5 + O(5^2))*T^3 + (5 + O(5^2))*T^4 + (2*5^-1 + 2 + O(5))*T^5 + O(T^6))","((5 + O(5^2))*T + (2 + 4*5 + O(5^2))*T^3 + (3 + 2*5 + O(5^2))*T^4 + (2 + O(5))*T^5 + O(T^6), (3*5 + O(5^3))*T + (4*5 + O(5^3))*T^3 + (5 + 5^2 + O(5^3))*T^4 + (3 + O(5^2))*T^5 + O(T^6))","(3*5^2 + 3*5^4 + 4*5^5 + O(5^24), 4*5^2 + 4*5^3 + 5^4 + 3*5^5 + O(5^24))",3,O(5)*T + (3*5^-1 + O(5))*T^3 + (2*5^-1 + 2 + O(5))*T^4 + (4*5^-1 + O(5^0))*T^5 + O(T^6)
722a1,1,0.0,1.0,1.0,"((3 + O(5))*T + (3*5^-1 + O(5))*T^3 + (2*5^-1 + 2 + O(5))*T^4 + (2*5^-1 + O(5^0))*T^5 + O(T^6), (2 + O(5^2))*T + (5 + O(5^2))*T^3 + (5 + O(5^2))*T^4 + (2*5^-1 + 2 + O(5))*T^5 + O(T^6))","((5 + O(5^2))*T + (2 + 4*5 + O(5^2))*T^3 + (3 + 2*5 + O(5^2))*T^4 + (2 + O(5))*T^5 + O(T^6), (3*5 + O(5^3))*T + (4*5 + O(5^3))*T^3 + (5 + 5^2 + O(5^3))*T^4 + (3 + O(5^2))*T^5 + O(T^6))","(3*5^2 + 3*5^4 + 4*5^5 + O(5^24), 4*5^2 + 4*5^3 + 5^4 + 3*5^5 + O(5^24))",3,O(5)*T + (3*5^-1 + O(5))*T^3 + (2*5^-1 + 2 + O(5))*T^4 + (4*5^-1 + O(5^0))*T^5 + O(T^6)
752a1,1,0.0,3.0,1.0,"(O(5)*T + O(5)*T^2 + (3*5^-1 + 4 + O(5))*T^3 + (3*5^-1 + O(5^0))*T^5 + O(T^6), (1 + 2*5 + O(5^2))*T + (1 + 2*5 + O(5^2))*T^2 + (4*5 + O(5^2))*T^3 + (5^-1 + 3 + O(5))*T^5 + O(T^6))","((2*5 + O(5^2))*T + (2*5 + O(5^2))*T^2 + (2 + 2*5 + O(5^2))*T^3 + (4 + O(5))*T^5 + O(T^6), (4*5 + 4*5^2 + O(5^3))*T + (4*5 + 4*5^2 + O(5^3))*T^2 + (4*5 + 4*5^2 + O(5^3))*T^3 + (4 + 2*5 + O(5^2))*T^5 + O(T^6))","(2*5^2 + 3*5^3 + 2*5^4 + O(5^24), 4*5^2 + 4*5^3 + 2*5^4 + O(5^24))",4,(1 + O(5))*T + (1 + O(5))*T^2 + (3*5^-1 + 2 + O(5))*T^3 + (4*5^-1 + O(5^0))*T^5 + O(T^6)
752a1,1,0.0,1.0,1.0,"(O(5)*T + O(5)*T^2 + (3*5^-1 + 4 + O(5))*T^3 + (3*5^-1 + O(5^0))*T^5 + O(T^6), (1 + 2*5 + O(5^2))*T + (1 + 2*5 + O(5^2))*T^2 + (4*5 + O(5^2))*T^3 + (5^-1 + 3 + O(5))*T^5 + O(T^6))","((2*5 + O(5^2))*T + (2*5 + O(5^2))*T^2 + (2 + 2*5 + O(5^2))*T^3 + (4 + O(5))*T^5 + O(T^6), (4*5 + 4*5^2 + O(5^3))*T + (4*5 + 4*5^2 + O(5^3))*T^2 + (4*5 + 4*5^2 + O(5^3))*T^3 + (4 + 2*5 + O(5^2))*T^5 + O(T^6))","(2*5^2 + 3*5^3 + 2*5^4 + O(5^24), 4*5^2 + 4*5^3 + 2*5^4 + O(5^24))",4,(1 + O(5))*T + (1 + O(5))*T^2 + (3*5^-1 + 2 + O(5))*T^3 + (4*5^-1 + O(5^0))*T^5 + O(T^6)
784h1,1,0.0,3.0,1.0,"((1 + O(5))*T + (3 + O(5))*T^2 + (3*5^-1 + 1 + O(5))*T^3 + (5^-1 + O(5))*T^4 + (5^-1 + O(5^0))*T^5 + O(T^6), (2 + 4*5 + O(5^2))*T + (1 + 2*5 + O(5^2))*T^2 + (1 + 3*5 + O(5^2))*T^3 + (2 + 2*5 + O(5^2))*T^4 + (2*5^-1 + O(5))*T^5 + O(T^6))","(O(5^2)*T + O(5^2)*T^2 + (2 + 4*5 + O(5^2))*T^3 + (4 + 5 + O(5^2))*T^4 + O(5)*T^5 + O(T^6), (3*5 + 2*5^2 + O(5^3))*T + (4*5 + 3*5^2 + O(5^3))*T^2 + (2*5^2 + O(5^3))*T^3 + (2*5^2 + O(5^3))*T^4 + (3 + 5 + O(5^2))*T^5 + O(T^6))","(2*5^3 + 5^4 + 3*5^5 + O(5^25), 4*5^2 + 3*5^3 + 3*5^5 + O(5^24))",8,(1 + O(5))*T + (3 + O(5))*T^2 + (3*5^-1 + 2 + O(5))*T^3 + (5^-1 + 2 + O(5))*T^4 + (5^-1 + O(5^0))*T^5 + O(T^6)
784h1,1,0.0,1.0,1.0,"((1 + O(5))*T + (3 + O(5))*T^2 + (3*5^-1 + 1 + O(5))*T^3 + (5^-1 + O(5))*T^4 + (5^-1 + O(5^0))*T^5 + O(T^6), (2 + 4*5 + O(5^2))*T + (1 + 2*5 + O(5^2))*T^2 + (1 + 3*5 + O(5^2))*T^3 + (2 + 2*5 + O(5^2))*T^4 + (2*5^-1 + O(5))*T^5 + O(T^6))","(O(5^2)*T + O(5^2)*T^2 + (2 + 4*5 + O(5^2))*T^3 + (4 + 5 + O(5^2))*T^4 + O(5)*T^5 + O(T^6), (3*5 + 2*5^2 + O(5^3))*T + (4*5 + 3*5^2 + O(5^3))*T^2 + (2*5^2 + O(5^3))*T^3 + (2*5^2 + O(5^3))*T^4 + (3 + 5 + O(5^2))*T^5 + O(T^6))","(2*5^3 + 5^4 + 3*5^5 + O(5^25), 4*5^2 + 3*5^3 + 3*5^5 + O(5^24))",8,(1 + O(5))*T + (3 + O(5))*T^2 + (3*5^-1 + 2 + O(5))*T^3 + (5^-1 + 2 + O(5))*T^4 + (5^-1 + O(5^0))*T^5 + O(T^6)
792a1,1,0.0,3.0,1.0,"((4 + O(5))*T + (1 + O(5))*T^2 + (3*5^-1 + 1 + O(5))*T^3 + (4*5^-1 + 4 + O(5))*T^4 + (4*5^-1 + O(5^0))*T^5 + O(T^6), (3 + O(5^2))*T + (2 + O(5^2))*T^2 + (2 + 2*5 + O(5^2))*T^3 + (4 + 4*5 + O(5^2))*T^4 + (3*5^-1 + 4 + O(5))*T^5 + O(T^6))","((3*5 + O(5^2))*T + (2*5 + O(5^2))*T^2 + (2 + 4*5 + O(5^2))*T^3 + (1 + O(5^2))*T^4 + (3 + O(5))*T^5 + O(T^6), (2*5 + O(5^3))*T + (3*5 + 3*5^2 + O(5^3))*T^2 + (4*5^2 + O(5^3))*T^3 + (2*5 + 4*5^2 + O(5^3))*T^4 + (2 + 5 + O(5^2))*T^5 + O(T^6))","(3*5^2 + 4*5^3 + 3*5^5 + O(5^24), 2*5^2 + 3*5^3 + 4*5^4 + 4*5^5 + O(5^24))",4,(1 + O(5))*T + (4 + O(5))*T^2 + (3*5^-1 + 2 + O(5))*T^3 + (4*5^-1 + 4 + O(5))*T^4 + (5^-1 + O(5^0))*T^5 + O(T^6)
792a1,1,0.0,1.0,1.0,"((4 + O(5))*T + (1 + O(5))*T^2 + (3*5^-1 + 1 + O(5))*T^3 + (4*5^-1 + 4 + O(5))*T^4 + (4*5^-1 + O(5^0))*T^5 + O(T^6), (3 + O(5^2))*T + (2 + O(5^2))*T^2 + (2 + 2*5 + O(5^2))*T^3 + (4 + 4*5 + O(5^2))*T^4 + (3*5^-1 + 4 + O(5))*T^5 + O(T^6))","((3*5 + O(5^2))*T + (2*5 + O(5^2))*T^2 + (2 + 4*5 + O(5^2))*T^3 + (1 + O(5^2))*T^4 + (3 + O(5))*T^5 + O(T^6), (2*5 + O(5^3))*T + (3*5 + 3*5^2 + O(5^3))*T^2 + (4*5^2 + O(5^3))*T^3 + (2*5 + 4*5^2 + O(5^3))*T^4 + (2 + 5 + O(5^2))*T^5 + O(T^6))","(3*5^2 + 4*5^3 + 3*5^5 + O(5^24), 2*5^2 + 3*5^3 + 4*5^4 + 4*5^5 + O(5^24))",4,(1 + O(5))*T + (4 + O(5))*T^2 + (3*5^-1 + 2 + O(5))*T^3 + (4*5^-1 + 4 + O(5))*T^4 + (5^-1 + O(5^0))*T^5 + O(T^6)
827a1,1,0.0,5.0,5.0,"((1 + O(5))*T + (1 + O(5))*T^2 + (3 + O(5))*T^3 + (5^-1 + O(5^0))*T^5 + O(T^6), (4*5 + O(5^2))*T + (4*5 + O(5^2))*T^2 + (2 + 3*5 + O(5^2))*T^3 + (4 + O(5))*T^5 + O(T^6))","((4*5 + O(5^2))*T + (4*5 + O(5^2))*T^2 + (4*5 + O(5^2))*T^3 + (4 + O(5))*T^5 + O(T^6), (2*5^2 + O(5^3))*T + (2*5^2 + O(5^3))*T^2 + (3*5 + 4*5^2 + O(5^3))*T^3 + (2*5 + O(5^2))*T^5 + O(T^6))","(4*5^2 + 4*5^3 + 3*5^4 + 5^5 + O(5^24), 2*5^4 + 5^5 + O(5^26))",1,(1 + O(5))*T + (1 + O(5))*T^2 + (2 + O(5))*T^3 + (5^-1 + O(5^0))*T^5 + O(T^6)
827a1,1,0.0,3.0,1.0,"((1 + O(5))*T + (1 + O(5))*T^2 + (3 + O(5))*T^3 + (5^-1 + O(5^0))*T^5 + O(T^6), (4*5 + O(5^2))*T + (4*5 + O(5^2))*T^2 + (2 + 3*5 + O(5^2))*T^3 + (4 + O(5))*T^5 + O(T^6))","((4*5 + O(5^2))*T + (4*5 + O(5^2))*T^2 + (4*5 + O(5^2))*T^3 + (4 + O(5))*T^5 + O(T^6), (2*5^2 + O(5^3))*T + (2*5^2 + O(5^3))*T^2 + (3*5 + 4*5^2 + O(5^3))*T^3 + (2*5 + O(5^2))*T^5 + O(T^6))","(4*5^2 + 4*5^3 + 3*5^4 + 5^5 + O(5^24), 2*5^4 + 5^5 + O(5^26))",1,(1 + O(5))*T + (1 + O(5))*T^2 + (2 + O(5))*T^3 + (5^-1 + O(5^0))*T^5 + O(T^6)
846b1,1,0.0,3.0,1.0,"(O(5)*T + (3*5^-1 + 2 + O(5))*T^3 + (2*5^-1 + O(5))*T^4 + (5^-1 + O(5^0))*T^5 + O(T^6), (4 + 4*5 + O(5^2))*T + (4 + 2*5 + O(5^2))*T^3 + (1 + 3*5 + O(5^2))*T^4 + (4*5^-1 + 4 + O(5))*T^5 + O(T^6))","((4*5 + O(5^2))*T + (2 + O(5^2))*T^3 + (3 + 5 + O(5^2))*T^4 + (3 + O(5))*T^5 + O(T^6), (5 + 2*5^2 + O(5^3))*T + (4*5 + 3*5^2 + O(5^3))*T^3 + (5 + 3*5^2 + O(5^3))*T^4 + (1 + 3*5 + O(5^2))*T^5 + O(T^6))","(2*5^2 + 5^3 + O(5^24), 3*5^2 + 2*5^3 + 3*5^4 + 2*5^5 + O(5^24))",8,(3 + O(5))*T + (3*5^-1 + 4 + O(5))*T^3 + (2*5^-1 + 3 + O(5))*T^4 + (4*5^-1 + O(5^0))*T^5 + O(T^6)
846b1,1,0.0,1.0,1.0,"(O(5)*T + (3*5^-1 + 2 + O(5))*T^3 + (2*5^-1 + O(5))*T^4 + (5^-1 + O(5^0))*T^5 + O(T^6), (4 + 4*5 + O(5^2))*T + (4 + 2*5 + O(5^2))*T^3 + (1 + 3*5 + O(5^2))*T^4 + (4*5^-1 + 4 + O(5))*T^5 + O(T^6))","((4*5 + O(5^2))*T + (2 + O(5^2))*T^3 + (3 + 5 + O(5^2))*T^4 + (3 + O(5))*T^5 + O(T^6), (5 + 2*5^2 + O(5^3))*T + (4*5 + 3*5^2 + O(5^3))*T^3 + (5 + 3*5^2 + O(5^3))*T^4 + (1 + 3*5 + O(5^2))*T^5 + O(T^6))","(2*5^2 + 5^3 + O(5^24), 3*5^2 + 2*5^3 + 3*5^4 + 2*5^5 + O(5^24))",8,(3 + O(5))*T + (3*5^-1 + 4 + O(5))*T^3 + (2*5^-1 + 3 + O(5))*T^4 + (4*5^-1 + O(5^0))*T^5 + O(T^6)
851a1,1,0.0,5.0,5.0,"((2 + O(5))*T + (4 + O(5))*T^2 + O(5)*T^3 + (3 + O(5))*T^4 + (2*5^-1 + O(5^0))*T^5 + O(T^6), (4 + 5 + O(5^2))*T + (3 + 2*5 + O(5^2))*T^2 + (1 + 3*5 + O(5^2))*T^3 + (2 + 2*5 + O(5^2))*T^4 + (4*5^-1 + 3 + O(5))*T^5 + O(T^6))","((4*5 + O(5^2))*T + (3*5 + O(5^2))*T^2 + (4*5 + O(5^2))*T^3 + O(5^2)*T^4 + (4 + O(5))*T^5 + O(T^6), (5 + 2*5^2 + O(5^3))*T + (2*5 + O(5^3))*T^2 + (4*5 + O(5^3))*T^3 + (3*5 + 2*5^2 + O(5^3))*T^4 + (1 + O(5^2))*T^5 + O(T^6))","(2*5^2 + 2*5^3 + 2*5^4 + 3*5^5 + O(5^24), 3*5^2 + 4*5^3 + 5^4 + O(5^24))",2,(3 + O(5))*T + (1 + O(5))*T^2 + (4 + O(5))*T^3 + (1 + O(5))*T^4 + (3*5^-1 + O(5^0))*T^5 + O(T^6)
851a1,1,0.0,1.0,1.0,"((2 + O(5))*T + (4 + O(5))*T^2 + O(5)*T^3 + (3 + O(5))*T^4 + (2*5^-1 + O(5^0))*T^5 + O(T^6), (4 + 5 + O(5^2))*T + (3 + 2*5 + O(5^2))*T^2 + (1 + 3*5 + O(5^2))*T^3 + (2 + 2*5 + O(5^2))*T^4 + (4*5^-1 + 3 + O(5))*T^5 + O(T^6))","((4*5 + O(5^2))*T + (3*5 + O(5^2))*T^2 + (4*5 + O(5^2))*T^3 + O(5^2)*T^4 + (4 + O(5))*T^5 + O(T^6), (5 + 2*5^2 + O(5^3))*T + (2*5 + O(5^3))*T^2 + (4*5 + O(5^3))*T^3 + (3*5 + 2*5^2 + O(5^3))*T^4 + (1 + O(5^2))*T^5 + O(T^6))","(2*5^2 + 2*5^3 + 2*5^4 + 3*5^5 + O(5^24), 3*5^2 + 4*5^3 + 5^4 + O(5^24))",2,(3 + O(5))*T + (1 + O(5))*T^2 + (4 + O(5))*T^3 + (1 + O(5))*T^4 + (3*5^-1 + O(5^0))*T^5 + O(T^6)
886d1,1,0.0,3.0,1.0,"((4 + O(5))*T + (4 + O(5))*T^2 + (2*5^-1 + 1 + O(5))*T^3 + O(5^0)*T^5 + O(T^6), (2 + O(5^2))*T + (2 + O(5^2))*T^2 + (4 + 2*5 + O(5^2))*T^3 + (2*5^-1 + 3 + O(5))*T^5 + O(T^6))","((2*5 + O(5^2))*T + (2*5 + O(5^2))*T^2 + (3 + 5 + O(5^2))*T^3 + (1 + O(5))*T^5 + O(T^6), (3*5 + 3*5^2 + O(5^3))*T + (3*5 + 3*5^2 + O(5^3))*T^2 + (2*5^2 + O(5^3))*T^3 + (3 + 2*5 + O(5^2))*T^5 + O(T^6))","(4*5^2 + 5^3 + 5^4 + 5^5 + O(5^24), 5^2 + 2*5^3 + 3*5^4 + 2*5^5 + O(5^24))",38,(4 + O(5))*T + (4 + O(5))*T^2 + (2*5^-1 + 1 + O(5))*T^3 + O(5^0)*T^5 + O(T^6)
886d1,1,0.0,1.0,1.0,"((4 + O(5))*T + (4 + O(5))*T^2 + (2*5^-1 + 1 + O(5))*T^3 + O(5^0)*T^5 + O(T^6), (2 + O(5^2))*T + (2 + O(5^2))*T^2 + (4 + 2*5 + O(5^2))*T^3 + (2*5^-1 + 3 + O(5))*T^5 + O(T^6))","((2*5 + O(5^2))*T + (2*5 + O(5^2))*T^2 + (3 + 5 + O(5^2))*T^3 + (1 + O(5))*T^5 + O(T^6), (3*5 + 3*5^2 + O(5^3))*T + (3*5 + 3*5^2 + O(5^3))*T^2 + (2*5^2 + O(5^3))*T^3 + (3 + 2*5 + O(5^2))*T^5 + O(T^6))","(4*5^2 + 5^3 + 5^4 + 5^5 + O(5^24), 5^2 + 2*5^3 + 3*5^4 + 2*5^5 + O(5^24))",38,(4 + O(5))*T + (4 + O(5))*T^2 + (2*5^-1 + 1 + O(5))*T^3 + O(5^0)*T^5 + O(T^6)
892b1,1,0.0,7.0,5.0,"((1 + O(5))*T + (4 + O(5))*T^2 + (1 + O(5))*T^3 + (4 + O(5))*T^4 + (5^-1 + O(5^0))*T^5 + O(T^6), (1 + 2*5 + O(5^2))*T + (4 + 3*5 + O(5^2))*T^2 + (2*5 + O(5^2))*T^3 + (1 + 3*5 + O(5^2))*T^4 + (5^-1 + 1 + O(5))*T^5 + O(T^6))","((3*5 + O(5^2))*T + (2*5 + O(5^2))*T^2 + (4*5 + O(5^2))*T^3 + O(5^2)*T^4 + (3 + O(5))*T^5 + O(T^6), (4*5 + 2*5^2 + O(5^3))*T + (5 + 5^2 + O(5^3))*T^2 + (2*5^2 + O(5^3))*T^3 + (4*5 + 3*5^2 + O(5^3))*T^4 + (4 + 3*5 + O(5^2))*T^5 + O(T^6))","(4*5^2 + 5^3 + 2*5^4 + 2*5^5 + O(5^24), 2*5^2 + 3*5^5 + O(5^24))",3,O(5)*T + O(5)*T^2 + (1 + O(5))*T^3 + (3 + O(5))*T^4 + O(5^0)*T^5 + O(T^6)
892b1,1,0.0,1.0,1.0,"((1 + O(5))*T + (4 + O(5))*T^2 + (1 + O(5))*T^3 + (4 + O(5))*T^4 + (5^-1 + O(5^0))*T^5 + O(T^6), (1 + 2*5 + O(5^2))*T + (4 + 3*5 + O(5^2))*T^2 + (2*5 + O(5^2))*T^3 + (1 + 3*5 + O(5^2))*T^4 + (5^-1 + 1 + O(5))*T^5 + O(T^6))","((3*5 + O(5^2))*T + (2*5 + O(5^2))*T^2 + (4*5 + O(5^2))*T^3 + O(5^2)*T^4 + (3 + O(5))*T^5 + O(T^6), (4*5 + 2*5^2 + O(5^3))*T + (5 + 5^2 + O(5^3))*T^2 + (2*5^2 + O(5^3))*T^3 + (4*5 + 3*5^2 + O(5^3))*T^4 + (4 + 3*5 + O(5^2))*T^5 + O(T^6))","(4*5^2 + 5^3 + 2*5^4 + 2*5^5 + O(5^24), 2*5^2 + 3*5^5 + O(5^24))",3,O(5)*T + O(5)*T^2 + (1 + O(5))*T^3 + (3 + O(5))*T^4 + O(5^0)*T^5 + O(T^6)
894e1,1,0.0,7.0,1.0,"(O(5)*T + O(5)*T^2 + (2 + O(5))*T^3 + (1 + O(5))*T^4 + (2*5^-1 + O(5^0))*T^5 + O(T^6), (2 + 4*5 + O(5^2))*T + (3 + 5 + O(5^2))*T^2 + (2 + 3*5 + O(5^2))*T^3 + (3 + 3*5 + O(5^2))*T^4 + (2*5^-1 + 4 + O(5))*T^5 + O(T^6))","((3*5 + O(5^2))*T + (2*5 + O(5^2))*T^2 + (5 + O(5^2))*T^3 + (5 + O(5^2))*T^4 + (1 + O(5))*T^5 + O(T^6), (3*5 + 5^2 + O(5^3))*T + (2*5 + 2*5^2 + O(5^3))*T^2 + (3*5 + O(5^3))*T^3 + (2*5 + 4*5^2 + O(5^3))*T^4 + (3 + 4*5 + O(5^2))*T^5 + O(T^6))","(3*5^2 + 3*5^3 + 4*5^4 + 2*5^5 + O(5^24), 3*5^2 + 3*5^3 + 5^4 + 4*5^5 + O(5^24))",46,(3 + O(5))*T + (2 + O(5))*T^2 + O(5)*T^3 + (3 + O(5))*T^4 + O(5^0)*T^5 + O(T^6)
894e1,1,0.0,1.0,1.0,"(O(5)*T + O(5)*T^2 + (2 + O(5))*T^3 + (1 + O(5))*T^4 + (2*5^-1 + O(5^0))*T^5 + O(T^6), (2 + 4*5 + O(5^2))*T + (3 + 5 + O(5^2))*T^2 + (2 + 3*5 + O(5^2))*T^3 + (3 + 3*5 + O(5^2))*T^4 + (2*5^-1 + 4 + O(5))*T^5 + O(T^6))","((3*5 + O(5^2))*T + (2*5 + O(5^2))*T^2 + (5 + O(5^2))*T^3 + (5 + O(5^2))*T^4 + (1 + O(5))*T^5 + O(T^6), (3*5 + 5^2 + O(5^3))*T + (2*5 + 2*5^2 + O(5^3))*T^2 + (3*5 + O(5^3))*T^3 + (2*5 + 4*5^2 + O(5^3))*T^4 + (3 + 4*5 + O(5^2))*T^5 + O(T^6))","(3*5^2 + 3*5^3 + 4*5^4 + 2*5^5 + O(5^24), 3*5^2 + 3*5^3 + 5^4 + 4*5^5 + O(5^24))",46,(3 + O(5))*T + (2 + O(5))*T^2 + O(5)*T^3 + (3 + O(5))*T^4 + O(5^0)*T^5 + O(T^6)
896b1,1,0.0,5.0,5.0,"((3 + O(5))*T + (1 + O(5))*T^3 + (4 + O(5))*T^4 + (3*5^-1 + O(5^0))*T^5 + O(T^6), (3 + O(5^2))*T + (4 + 2*5 + O(5^2))*T^3 + (1 + 3*5 + O(5^2))*T^4 + (3*5^-1 + 4 + O(5))*T^5 + O(T^6))","((3*5 + O(5^2))*T + (2*5 + O(5^2))*T^3 + (3*5 + O(5^2))*T^4 + (3 + O(5))*T^5 + O(T^6), (2*5 + O(5^3))*T + (5 + 5^2 + O(5^3))*T^3 + (4*5 + 2*5^2 + O(5^3))*T^4 + (2 + 5 + O(5^2))*T^5 + O(T^6))","(5^2 + 2*5^3 + 3*5^4 + 5^5 + O(5^24), 4*5^2 + 5^3 + 5^4 + 2*5^5 + O(5^24))",2,(1 + O(5))*T + O(5)*T^3 + O(5)*T^4 + (5^-1 + O(5^0))*T^5 + O(T^6)
896b1,1,0.0,1.0,1.0,"((3 + O(5))*T + (1 + O(5))*T^3 + (4 + O(5))*T^4 + (3*5^-1 + O(5^0))*T^5 + O(T^6), (3 + O(5^2))*T + (4 + 2*5 + O(5^2))*T^3 + (1 + 3*5 + O(5^2))*T^4 + (3*5^-1 + 4 + O(5))*T^5 + O(T^6))","((3*5 + O(5^2))*T + (2*5 + O(5^2))*T^3 + (3*5 + O(5^2))*T^4 + (3 + O(5))*T^5 + O(T^6), (2*5 + O(5^3))*T + (5 + 5^2 + O(5^3))*T^3 + (4*5 + 2*5^2 + O(5^3))*T^4 + (2 + 5 + O(5^2))*T^5 + O(T^6))","(5^2 + 2*5^3 + 3*5^4 + 5^5 + O(5^24), 4*5^2 + 5^3 + 5^4 + 2*5^5 + O(5^24))",2,(1 + O(5))*T + O(5)*T^3 + O(5)*T^4 + (5^-1 + O(5^0))*T^5 + O(T^6)
972d1,1,0.0,5.0,5.0,"(O(5)*T + (2 + O(5))*T^3 + (3 + O(5))*T^4 + O(5^0)*T^5 + O(T^6), (2 + 2*5 + O(5^2))*T + (2 + O(5^2))*T^3 + (3 + O(5^2))*T^4 + (2*5^-1 + O(5))*T^5 + O(T^6))","((2*5 + O(5^2))*T + O(5^2)*T^3 + O(5^2)*T^4 + (2 + O(5))*T^5 + O(T^6), (3*5 + 3*5^2 + O(5^3))*T + (3*5 + 2*5^2 + O(5^3))*T^3 + (2*5 + 5^2 + O(5^3))*T^4 + (3 + O(5^2))*T^5 + O(T^6))","(2*5^2 + 4*5^3 + 2*5^4 + O(5^24), 3*5^2 + 4*5^3 + 4*5^4 + 5^5 + O(5^24))",9,(4 + O(5))*T + (1 + O(5))*T^3 + (4 + O(5))*T^4 + (4*5^-1 + O(5^0))*T^5 + O(T^6)
972d1,1,0.0,1.0,1.0,"(O(5)*T + (2 + O(5))*T^3 + (3 + O(5))*T^4 + O(5^0)*T^5 + O(T^6), (2 + 2*5 + O(5^2))*T + (2 + O(5^2))*T^3 + (3 + O(5^2))*T^4 + (2*5^-1 + O(5))*T^5 + O(T^6))","((2*5 + O(5^2))*T + O(5^2)*T^3 + O(5^2)*T^4 + (2 + O(5))*T^5 + O(T^6), (3*5 + 3*5^2 + O(5^3))*T + (3*5 + 2*5^2 + O(5^3))*T^3 + (2*5 + 5^2 + O(5^3))*T^4 + (3 + O(5^2))*T^5 + O(T^6))","(2*5^2 + 4*5^3 + 2*5^4 + O(5^24), 3*5^2 + 4*5^3 + 4*5^4 + 5^5 + O(5^24))",9,(4 + O(5))*T + (1 + O(5))*T^3 + (4 + O(5))*T^4 + (4*5^-1 + O(5^0))*T^5 + O(T^6)
973b1,1,0.0,3.0,1.0,"((3 + O(5))*T + (3 + O(5))*T^2 + (2*5^-1 + O(5))*T^3 + (2 + O(5))*T^4 + (2*5^-1 + O(5^0))*T^5 + O(T^6), (3 + O(5^2))*T + (3 + O(5^2))*T^2 + (1 + 5 + O(5^2))*T^3 + (4*5 + O(5^2))*T^4 + (3*5^-1 + 2 + O(5))*T^5 + O(T^6))","((4*5 + O(5^2))*T + (4*5 + O(5^2))*T^2 + (3 + 2*5 + O(5^2))*T^3 + (3*5 + O(5^2))*T^4 + O(5)*T^5 + O(T^6), (2*5 + 3*5^2 + O(5^3))*T + (2*5 + 3*5^2 + O(5^3))*T^2 + (2*5 + 4*5^2 + O(5^3))*T^3 + (4*5^2 + O(5^3))*T^4 + (2 + 2*5 + O(5^2))*T^5 + O(T^6))","(5^2 + 2*5^4 + 4*5^5 + O(5^24), 3*5^2 + 5^3 + 4*5^4 + 4*5^5 + O(5^24))",1,O(5)*T + O(5)*T^2 + (2*5^-1 + 4 + O(5))*T^3 + (2 + O(5))*T^4 + (4*5^-1 + O(5^0))*T^5 + O(T^6)
973b1,1,0.0,1.0,1.0,"((3 + O(5))*T + (3 + O(5))*T^2 + (2*5^-1 + O(5))*T^3 + (2 + O(5))*T^4 + (2*5^-1 + O(5^0))*T^5 + O(T^6), (3 + O(5^2))*T + (3 + O(5^2))*T^2 + (1 + 5 + O(5^2))*T^3 + (4*5 + O(5^2))*T^4 + (3*5^-1 + 2 + O(5))*T^5 + O(T^6))","((4*5 + O(5^2))*T + (4*5 + O(5^2))*T^2 + (3 + 2*5 + O(5^2))*T^3 + (3*5 + O(5^2))*T^4 + O(5)*T^5 + O(T^6), (2*5 + 3*5^2 + O(5^3))*T + (2*5 + 3*5^2 + O(5^3))*T^2 + (2*5 + 4*5^2 + O(5^3))*T^3 + (4*5^2 + O(5^3))*T^4 + (2 + 2*5 + O(5^2))*T^5 + O(T^6))","(5^2 + 2*5^4 + 4*5^5 + O(5^24), 3*5^2 + 5^3 + 4*5^4 + 4*5^5 + O(5^24))",1,O(5)*T + O(5)*T^2 + (2*5^-1 + 4 + O(5))*T^3 + (2 + O(5))*T^4 + (4*5^-1 + O(5^0))*T^5 + O(T^6)
1008i1,1,0.0,5.0,5.0,"((2 + O(5))*T + (3 + O(5))*T^2 + (2 + O(5))*T^3 + (3 + O(5))*T^4 + (2*5^-1 + O(5^0))*T^5 + O(T^6), (1 + 4*5 + O(5^2))*T + (4 + 5 + O(5^2))*T^2 + (3 + 5 + O(5^2))*T^3 + (2*5 + O(5^2))*T^4 + (5^-1 + 2 + O(5))*T^5 + O(T^6))","((4*5 + O(5^2))*T + (5 + O(5^2))*T^2 + (5 + O(5^2))*T^3 + (2*5 + O(5^2))*T^4 + (4 + O(5))*T^5 + O(T^6), (4*5 + O(5^3))*T + (5 + 3*5^2 + O(5^3))*T^2 + (2*5 + 4*5^2 + O(5^3))*T^3 + (5^2 + O(5^3))*T^4 + (4 + 2*5 + O(5^2))*T^5 + O(T^6))","(2*5^2 + 3*5^3 + 5^5 + O(5^24), 2*5^2 + 5^3 + 3*5^4 + 4*5^5 + O(5^24))",8,(4 + O(5))*T + (1 + O(5))*T^2 + (3 + O(5))*T^3 + (3 + O(5))*T^4 + (4*5^-1 + O(5^0))*T^5 + O(T^6)
1008i1,1,0.0,1.0,1.0,"((2 + O(5))*T + (3 + O(5))*T^2 + (2 + O(5))*T^3 + (3 + O(5))*T^4 + (2*5^-1 + O(5^0))*T^5 + O(T^6), (1 + 4*5 + O(5^2))*T + (4 + 5 + O(5^2))*T^2 + (3 + 5 + O(5^2))*T^3 + (2*5 + O(5^2))*T^4 + (5^-1 + 2 + O(5))*T^5 + O(T^6))","((4*5 + O(5^2))*T + (5 + O(5^2))*T^2 + (5 + O(5^2))*T^3 + (2*5 + O(5^2))*T^4 + (4 + O(5))*T^5 + O(T^6), (4*5 + O(5^3))*T + (5 + 3*5^2 + O(5^3))*T^2 + (2*5 + 4*5^2 + O(5^3))*T^3 + (5^2 + O(5^3))*T^4 + (4 + 2*5 + O(5^2))*T^5 + O(T^6))","(2*5^2 + 3*5^3 + 5^5 + O(5^24), 2*5^2 + 5^3 + 3*5^4 + 4*5^5 + O(5^24))",8,(4 + O(5))*T + (1 + O(5))*T^2 + (3 + O(5))*T^3 + (3 + O(5))*T^4 + (4*5^-1 + O(5^0))*T^5 + O(T^6)
1012b1,1,0.0,3.0,1.0,"((2 + O(5))*T + (1 + O(5))*T^2 + (4*5^-1 + 1 + O(5))*T^3 + (3*5^-1 + 1 + O(5))*T^4 + (2*5^-1 + O(5^0))*T^5 + O(T^6), (4 + 5 + O(5^2))*T + (2 + 3*5 + O(5^2))*T^2 + (1 + O(5^2))*T^3 + (2 + 5 + O(5^2))*T^4 + (4*5^-1 + O(5))*T^5 + O(T^6))","((4*5 + O(5^2))*T + (2*5 + O(5^2))*T^2 + (1 + O(5^2))*T^3 + (2 + 2*5 + O(5^2))*T^4 + (4 + O(5))*T^5 + O(T^6), (5 + 2*5^2 + O(5^3))*T + (3*5 + 3*5^2 + O(5^3))*T^2 + O(5^3)*T^3 + (5^2 + O(5^3))*T^4 + (1 + 3*5 + O(5^2))*T^5 + O(T^6))","(2*5^2 + 4*5^3 + 5^4 + O(5^24), 3*5^2 + 3*5^3 + 2*5^4 + 5^5 + O(5^24))",18,(3 + O(5))*T + (4 + O(5))*T^2 + (4*5^-1 + O(5))*T^3 + (3*5^-1 + 4 + O(5))*T^4 + (3*5^-1 + O(5^0))*T^5 + O(T^6)
1012b1,1,0.0,1.0,1.0,"((2 + O(5))*T + (1 + O(5))*T^2 + (4*5^-1 + 1 + O(5))*T^3 + (3*5^-1 + 1 + O(5))*T^4 + (2*5^-1 + O(5^0))*T^5 + O(T^6), (4 + 5 + O(5^2))*T + (2 + 3*5 + O(5^2))*T^2 + (1 + O(5^2))*T^3 + (2 + 5 + O(5^2))*T^4 + (4*5^-1 + O(5))*T^5 + O(T^6))","((4*5 + O(5^2))*T + (2*5 + O(5^2))*T^2 + (1 + O(5^2))*T^3 + (2 + 2*5 + O(5^2))*T^4 + (4 + O(5))*T^5 + O(T^6), (5 + 2*5^2 + O(5^3))*T + (3*5 + 3*5^2 + O(5^3))*T^2 + O(5^3)*T^3 + (5^2 + O(5^3))*T^4 + (1 + 3*5 + O(5^2))*T^5 + O(T^6))","(2*5^2 + 4*5^3 + 5^4 + O(5^24), 3*5^2 + 3*5^3 + 2*5^4 + 5^5 + O(5^24))",18,(3 + O(5))*T + (4 + O(5))*T^2 + (4*5^-1 + O(5))*T^3 + (3*5^-1 + 4 + O(5))*T^4 + (3*5^-1 + O(5^0))*T^5 + O(T^6)
1027a1,1,0.0,5.0,5.0,"((3 + O(5))*T + (3 + O(5))*T^2 + O(5)*T^3 + (3*5^-1 + O(5^0))*T^5 + O(T^6), (2 + 5 + O(5^2))*T + (2 + 5 + O(5^2))*T^2 + (1 + O(5^2))*T^3 + (2*5^-1 + 3 + O(5))*T^5 + O(T^6))","(O(5^2)*T + O(5^2)*T^2 + (4*5 + O(5^2))*T^3 + O(5)*T^5 + O(T^6), (3*5 + 2*5^2 + O(5^3))*T + (3*5 + 2*5^2 + O(5^3))*T^2 + (4*5 + O(5^3))*T^3 + (3 + O(5^2))*T^5 + O(T^6))","(5^3 + 4*5^5 + O(5^25), 2*5^2 + 2*5^3 + 5^4 + 3*5^5 + O(5^24))",1,(1 + O(5))*T + (1 + O(5))*T^2 + (4 + O(5))*T^3 + (5^-1 + O(5^0))*T^5 + O(T^6)
1027a1,1,0.0,1.0,1.0,"((3 + O(5))*T + (3 + O(5))*T^2 + O(5)*T^3 + (3*5^-1 + O(5^0))*T^5 + O(T^6), (2 + 5 + O(5^2))*T + (2 + 5 + O(5^2))*T^2 + (1 + O(5^2))*T^3 + (2*5^-1 + 3 + O(5))*T^5 + O(T^6))","(O(5^2)*T + O(5^2)*T^2 + (4*5 + O(5^2))*T^3 + O(5)*T^5 + O(T^6), (3*5 + 2*5^2 + O(5^3))*T + (3*5 + 2*5^2 + O(5^3))*T^2 + (4*5 + O(5^3))*T^3 + (3 + O(5^2))*T^5 + O(T^6))","(5^3 + 4*5^5 + O(5^25), 2*5^2 + 2*5^3 + 5^4 + 3*5^5 + O(5^24))",1,(1 + O(5))*T + (1 + O(5))*T^2 + (4 + O(5))*T^3 + (5^-1 + O(5^0))*T^5 + O(T^6)
1078a1,1,0.0,5.0,5.0,"((3 + O(5))*T + (1 + O(5))*T^3 + (4 + O(5))*T^4 + (3*5^-1 + O(5^0))*T^5 + O(T^6), (2 + 3*5 + O(5^2))*T + (2 + 3*5 + O(5^2))*T^3 + (3 + 2*5 + O(5^2))*T^4 + (2*5^-1 + O(5))*T^5 + O(T^6))","((3*5 + O(5^2))*T + O(5^2)*T^3 + O(5^2)*T^4 + (3 + O(5))*T^5 + O(T^6), (3*5 + 5^2 + O(5^3))*T + (3*5 + 2*5^2 + O(5^3))*T^3 + (2*5 + 5^2 + O(5^3))*T^4 + (3 + 4*5 + O(5^2))*T^5 + O(T^6))","(4*5^2 + 3*5^5 + O(5^24), 4*5^2 + 4*5^3 + 4*5^4 + 2*5^5 + O(5^24))",3,(3 + O(5))*T + (1 + O(5))*T^3 + (4 + O(5))*T^4 + (3*5^-1 + O(5^0))*T^5 + O(T^6)
1078a1,1,0.0,1.0,1.0,"((3 + O(5))*T + (1 + O(5))*T^3 + (4 + O(5))*T^4 + (3*5^-1 + O(5^0))*T^5 + O(T^6), (2 + 3*5 + O(5^2))*T + (2 + 3*5 + O(5^2))*T^3 + (3 + 2*5 + O(5^2))*T^4 + (2*5^-1 + O(5))*T^5 + O(T^6))","((3*5 + O(5^2))*T + O(5^2)*T^3 + O(5^2)*T^4 + (3 + O(5))*T^5 + O(T^6), (3*5 + 5^2 + O(5^3))*T + (3*5 + 2*5^2 + O(5^3))*T^3 + (2*5 + 5^2 + O(5^3))*T^4 + (3 + 4*5 + O(5^2))*T^5 + O(T^6))","(4*5^2 + 3*5^5 + O(5^24), 4*5^2 + 4*5^3 + 4*5^4 + 2*5^5 + O(5^24))",3,(3 + O(5))*T + (1 + O(5))*T^3 + (4 + O(5))*T^4 + (3*5^-1 + O(5^0))*T^5 + O(T^6)
1083a1,1,0.0,3.0,1.0,"((2 + O(5))*T + (3 + O(5))*T^2 + (5^-1 + 2 + O(5))*T^3 + (3*5^-1 + O(5))*T^4 + (3*5^-1 + O(5^0))*T^5 + O(T^6), (1 + 2*5 + O(5^2))*T + (4 + 3*5 + O(5^2))*T^2 + (2 + 5 + O(5^2))*T^3 + (2 + O(5^2))*T^4 + (5^-1 + 2 + O(5))*T^5 + O(T^6))","(O(5^2)*T + O(5^2)*T^2 + (4 + 2*5 + O(5^2))*T^3 + (2 + 5 + O(5^2))*T^4 + (4 + O(5))*T^5 + O(T^6), (4*5 + 3*5^2 + O(5^3))*T + (5 + O(5^3))*T^2 + (5 + 5^2 + O(5^3))*T^3 + (2*5 + 4*5^2 + O(5^3))*T^4 + (4 + 5 + O(5^2))*T^5 + O(T^6))","(2*5^3 + 5^5 + O(5^25), 4*5^2 + 4*5^4 + 5^5 + O(5^24))",1,(3 + O(5))*T + (2 + O(5))*T^2 + (5^-1 + 3 + O(5))*T^3 + (3*5^-1 + 4 + O(5))*T^4 + (4*5^-1 + O(5^0))*T^5 + O(T^6)
1083a1,1,0.0,1.0,1.0,"((2 + O(5))*T + (3 + O(5))*T^2 + (5^-1 + 2 + O(5))*T^3 + (3*5^-1 + O(5))*T^4 + (3*5^-1 + O(5^0))*T^5 + O(T^6), (1 + 2*5 + O(5^2))*T + (4 + 3*5 + O(5^2))*T^2 + (2 + 5 + O(5^2))*T^3 + (2 + O(5^2))*T^4 + (5^-1 + 2 + O(5))*T^5 + O(T^6))","(O(5^2)*T + O(5^2)*T^2 + (4 + 2*5 + O(5^2))*T^3 + (2 + 5 + O(5^2))*T^4 + (4 + O(5))*T^5 + O(T^6), (4*5 + 3*5^2 + O(5^3))*T + (5 + O(5^3))*T^2 + (5 + 5^2 + O(5^3))*T^3 + (2*5 + 4*5^2 + O(5^3))*T^4 + (4 + 5 + O(5^2))*T^5 + O(T^6))","(2*5^3 + 5^5 + O(5^25), 4*5^2 + 4*5^4 + 5^5 + O(5^24))",1,(3 + O(5))*T + (2 + O(5))*T^2 + (5^-1 + 3 + O(5))*T^3 + (3*5^-1 + 4 + O(5))*T^4 + (4*5^-1 + O(5^0))*T^5 + O(T^6)
1088a1,1,0.0,3.0,1.0,"((4 + O(5))*T + (2 + O(5))*T^2 + (3*5^-1 + 1 + O(5))*T^3 + (5^-1 + 2 + O(5))*T^4 + (4*5^-1 + O(5^0))*T^5 + O(T^6), (4 + 5 + O(5^2))*T + (2 + 3*5 + O(5^2))*T^2 + (4 + 2*5 + O(5^2))*T^3 + (3 + O(5^2))*T^4 + (4*5^-1 + 1 + O(5))*T^5 + O(T^6))","((3*5 + O(5^2))*T + (4*5 + O(5^2))*T^2 + (2 + 2*5 + O(5^2))*T^3 + (4 + O(5^2))*T^4 + (3 + O(5))*T^5 + O(T^6), (5 + 4*5^2 + O(5^3))*T + (3*5 + 4*5^2 + O(5^3))*T^2 + (2*5 + 2*5^2 + O(5^3))*T^3 + (4*5 + 2*5^2 + O(5^3))*T^4 + (1 + 4*5 + O(5^2))*T^5 + O(T^6))","(3*5^2 + 5^3 + 4*5^4 + 5^5 + O(5^24), 5^2 + 3*5^3 + 5^5 + O(5^24))",4,(4 + O(5))*T + (2 + O(5))*T^2 + (3*5^-1 + 3 + O(5))*T^3 + (5^-1 + 1 + O(5))*T^4 + (4*5^-1 + O(5^0))*T^5 + O(T^6)
1088a1,1,0.0,1.0,1.0,"((4 + O(5))*T + (2 + O(5))*T^2 + (3*5^-1 + 1 + O(5))*T^3 + (5^-1 + 2 + O(5))*T^4 + (4*5^-1 + O(5^0))*T^5 + O(T^6), (4 + 5 + O(5^2))*T + (2 + 3*5 + O(5^2))*T^2 + (4 + 2*5 + O(5^2))*T^3 + (3 + O(5^2))*T^4 + (4*5^-1 + 1 + O(5))*T^5 + O(T^6))","((3*5 + O(5^2))*T + (4*5 + O(5^2))*T^2 + (2 + 2*5 + O(5^2))*T^3 + (4 + O(5^2))*T^4 + (3 + O(5))*T^5 + O(T^6), (5 + 4*5^2 + O(5^3))*T + (3*5 + 4*5^2 + O(5^3))*T^2 + (2*5 + 2*5^2 + O(5^3))*T^3 + (4*5 + 2*5^2 + O(5^3))*T^4 + (1 + 4*5 + O(5^2))*T^5 + O(T^6))","(3*5^2 + 5^3 + 4*5^4 + 5^5 + O(5^24), 5^2 + 3*5^3 + 5^5 + O(5^24))",4,(4 + O(5))*T + (2 + O(5))*T^2 + (3*5^-1 + 3 + O(5))*T^3 + (5^-1 + 1 + O(5))*T^4 + (4*5^-1 + O(5^0))*T^5 + O(T^6)
1131a1,1,0.0,3.0,1.0,"((3 + O(5))*T + (2 + O(5))*T^2 + (5^-1 + O(5))*T^3 + (3*5^-1 + 2 + O(5))*T^4 + O(5^0)*T^5 + O(T^6), (1 + 3*5 + O(5^2))*T + (4 + 2*5 + O(5^2))*T^2 + (3 + 2*5 + O(5^2))*T^3 + (2*5 + O(5^2))*T^4 + (5^-1 + 1 + O(5))*T^5 + O(T^6))","((3*5 + O(5^2))*T + (2*5 + O(5^2))*T^2 + (4 + O(5^2))*T^3 + (2 + 5 + O(5^2))*T^4 + (1 + O(5))*T^5 + O(T^6), (4*5 + 2*5^2 + O(5^3))*T + (5 + 5^2 + O(5^3))*T^2 + (3*5 + 5^2 + O(5^3))*T^3 + (3*5 + O(5^3))*T^4 + (4 + 5 + O(5^2))*T^5 + O(T^6))","(5^2 + 3*5^3 + 4*5^4 + 2*5^5 + O(5^24), 3*5^2 + 5^4 + 4*5^5 + O(5^24))",2,O(5)*T + O(5)*T^2 + (5^-1 + 4 + O(5))*T^3 + (3*5^-1 + 1 + O(5))*T^4 + (2*5^-1 + O(5^0))*T^5 + O(T^6)
1131a1,1,0.0,1.0,1.0,"((3 + O(5))*T + (2 + O(5))*T^2 + (5^-1 + O(5))*T^3 + (3*5^-1 + 2 + O(5))*T^4 + O(5^0)*T^5 + O(T^6), (1 + 3*5 + O(5^2))*T + (4 + 2*5 + O(5^2))*T^2 + (3 + 2*5 + O(5^2))*T^3 + (2*5 + O(5^2))*T^4 + (5^-1 + 1 + O(5))*T^5 + O(T^6))","((3*5 + O(5^2))*T + (2*5 + O(5^2))*T^2 + (4 + O(5^2))*T^3 + (2 + 5 + O(5^2))*T^4 + (1 + O(5))*T^5 + O(T^6), (4*5 + 2*5^2 + O(5^3))*T + (5 + 5^2 + O(5^3))*T^2 + (3*5 + 5^2 + O(5^3))*T^3 + (3*5 + O(5^3))*T^4 + (4 + 5 + O(5^2))*T^5 + O(T^6))","(5^2 + 3*5^3 + 4*5^4 + 2*5^5 + O(5^24), 3*5^2 + 5^4 + 4*5^5 + O(5^24))",2,O(5)*T + O(5)*T^2 + (5^-1 + 4 + O(5))*T^3 + (3*5^-1 + 1 + O(5))*T^4 + (2*5^-1 + O(5^0))*T^5 + O(T^6)
1142b1,1,0.0,3.0,1.0,"((3 + O(5))*T + (2 + O(5))*T^2 + (2*5^-1 + 4 + O(5))*T^3 + (5^-1 + 3 + O(5))*T^4 + O(5^0)*T^5 + O(T^6), (1 + 5 + O(5^2))*T + (4 + 4*5 + O(5^2))*T^2 + (4 + 2*5 + O(5^2))*T^3 + (3 + 2*5 + O(5^2))*T^4 + (5^-1 + O(5))*T^5 + O(T^6))","((5 + O(5^2))*T + (4*5 + O(5^2))*T^2 + (3 + 5 + O(5^2))*T^3 + (4 + 3*5 + O(5^2))*T^4 + (4 + O(5))*T^5 + O(T^6), (4*5 + 5^2 + O(5^3))*T + (5 + 2*5^2 + O(5^3))*T^2 + (4*5 + O(5^3))*T^3 + (5 + 4*5^2 + O(5^3))*T^4 + (4 + O(5^2))*T^5 + O(T^6))","(2*5^2 + 5^3 + 5^5 + O(5^24), 3*5^2 + 3*5^3 + 4*5^4 + O(5^24))",13,(2 + O(5))*T + (3 + O(5))*T^2 + (2*5^-1 + 4 + O(5))*T^3 + (5^-1 + 2 + O(5))*T^4 + (4*5^-1 + O(5^0))*T^5 + O(T^6)
1142b1,1,0.0,1.0,1.0,"((3 + O(5))*T + (2 + O(5))*T^2 + (2*5^-1 + 4 + O(5))*T^3 + (5^-1 + 3 + O(5))*T^4 + O(5^0)*T^5 + O(T^6), (1 + 5 + O(5^2))*T + (4 + 4*5 + O(5^2))*T^2 + (4 + 2*5 + O(5^2))*T^3 + (3 + 2*5 + O(5^2))*T^4 + (5^-1 + O(5))*T^5 + O(T^6))","((5 + O(5^2))*T + (4*5 + O(5^2))*T^2 + (3 + 5 + O(5^2))*T^3 + (4 + 3*5 + O(5^2))*T^4 + (4 + O(5))*T^5 + O(T^6), (4*5 + 5^2 + O(5^3))*T + (5 + 2*5^2 + O(5^3))*T^2 + (4*5 + O(5^3))*T^3 + (5 + 4*5^2 + O(5^3))*T^4 + (4 + O(5^2))*T^5 + O(T^6))","(2*5^2 + 5^3 + 5^5 + O(5^24), 3*5^2 + 3*5^3 + 4*5^4 + O(5^24))",13,(2 + O(5))*T + (3 + O(5))*T^2 + (2*5^-1 + 4 + O(5))*T^3 + (5^-1 + 2 + O(5))*T^4 + (4*5^-1 + O(5^0))*T^5 + O(T^6)
1152p1,1,0.0,3.0,1.0,"((1 + O(5))*T + (1 + O(5))*T^2 + (3*5^-1 + O(5))*T^3 + (3 + O(5))*T^4 + (4*5^-1 + O(5^0))*T^5 + O(T^6), (3 + 3*5 + O(5^2))*T + (3 + 3*5 + O(5^2))*T^2 + (2 + 3*5 + O(5^2))*T^3 + (3*5 + O(5^2))*T^4 + (3*5^-1 + 3 + O(5))*T^5 + O(T^6))","(O(5^2)*T + O(5^2)*T^2 + (2 + 4*5 + O(5^2))*T^3 + (2*5 + O(5^2))*T^4 + (2 + O(5))*T^5 + O(T^6), (2*5 + 5^2 + O(5^3))*T + (2*5 + 5^2 + O(5^3))*T^2 + (2*5 + 3*5^2 + O(5^3))*T^3 + (5^2 + O(5^3))*T^4 + (2 + O(5^2))*T^5 + O(T^6))","(2*5^4 + 2*5^5 + O(5^26), 5^2 + 4*5^3 + 4*5^4 + O(5^24))",8,(4 + O(5))*T + (4 + O(5))*T^2 + (3*5^-1 + 1 + O(5))*T^3 + (3 + O(5))*T^4 + (2*5^-1 + O(5^0))*T^5 + O(T^6)
1152p1,1,0.0,1.0,1.0,"((1 + O(5))*T + (1 + O(5))*T^2 + (3*5^-1 + O(5))*T^3 + (3 + O(5))*T^4 + (4*5^-1 + O(5^0))*T^5 + O(T^6), (3 + 3*5 + O(5^2))*T + (3 + 3*5 + O(5^2))*T^2 + (2 + 3*5 + O(5^2))*T^3 + (3*5 + O(5^2))*T^4 + (3*5^-1 + 3 + O(5))*T^5 + O(T^6))","(O(5^2)*T + O(5^2)*T^2 + (2 + 4*5 + O(5^2))*T^3 + (2*5 + O(5^2))*T^4 + (2 + O(5))*T^5 + O(T^6), (2*5 + 5^2 + O(5^3))*T + (2*5 + 5^2 + O(5^3))*T^2 + (2*5 + 3*5^2 + O(5^3))*T^3 + (5^2 + O(5^3))*T^4 + (2 + O(5^2))*T^5 + O(T^6))","(2*5^4 + 2*5^5 + O(5^26), 5^2 + 4*5^3 + 4*5^4 + O(5^24))",8,(4 + O(5))*T + (4 + O(5))*T^2 + (3*5^-1 + 1 + O(5))*T^3 + (3 + O(5))*T^4 + (2*5^-1 + O(5^0))*T^5 + O(T^6)
1157a1,1,0.0,3.0,1.0,"((1 + O(5))*T + (2 + O(5))*T^2 + (3*5^-1 + O(5))*T^3 + (3*5^-1 + 2 + O(5))*T^4 + (2*5^-1 + O(5^0))*T^5 + O(T^6), (1 + O(5^2))*T + (2 + O(5^2))*T^2 + (2 + 3*5 + O(5^2))*T^3 + (1 + 3*5 + O(5^2))*T^4 + (5^-1 + O(5))*T^5 + O(T^6))","((2*5 + O(5^2))*T + (4*5 + O(5^2))*T^2 + (2 + 4*5 + O(5^2))*T^3 + (2 + 4*5 + O(5^2))*T^4 + (1 + O(5))*T^5 + O(T^6), (4*5 + 4*5^2 + O(5^3))*T + (3*5 + 4*5^2 + O(5^3))*T^2 + (4*5 + 2*5^2 + O(5^3))*T^3 + (4*5^2 + O(5^3))*T^4 + (4 + 5 + O(5^2))*T^5 + O(T^6))","(2*5^2 + 2*5^3 + 5^4 + 4*5^5 + O(5^24), 4*5^2 + 3*5^3 + 2*5^4 + 3*5^5 + O(5^24))",1,(1 + O(5))*T + (2 + O(5))*T^2 + (3*5^-1 + O(5))*T^3 + (3*5^-1 + 2 + O(5))*T^4 + (2*5^-1 + O(5^0))*T^5 + O(T^6)
1157a1,1,0.0,1.0,1.0,"((1 + O(5))*T + (2 + O(5))*T^2 + (3*5^-1 + O(5))*T^3 + (3*5^-1 + 2 + O(5))*T^4 + (2*5^-1 + O(5^0))*T^5 + O(T^6), (1 + O(5^2))*T + (2 + O(5^2))*T^2 + (2 + 3*5 + O(5^2))*T^3 + (1 + 3*5 + O(5^2))*T^4 + (5^-1 + O(5))*T^5 + O(T^6))","((2*5 + O(5^2))*T + (4*5 + O(5^2))*T^2 + (2 + 4*5 + O(5^2))*T^3 + (2 + 4*5 + O(5^2))*T^4 + (1 + O(5))*T^5 + O(T^6), (4*5 + 4*5^2 + O(5^3))*T + (3*5 + 4*5^2 + O(5^3))*T^2 + (4*5 + 2*5^2 + O(5^3))*T^3 + (4*5^2 + O(5^3))*T^4 + (4 + 5 + O(5^2))*T^5 + O(T^6))","(2*5^2 + 2*5^3 + 5^4 + 4*5^5 + O(5^24), 4*5^2 + 3*5^3 + 2*5^4 + 3*5^5 + O(5^24))",1,(1 + O(5))*T + (2 + O(5))*T^2 + (3*5^-1 + O(5))*T^3 + (3*5^-1 + 2 + O(5))*T^4 + (2*5^-1 + O(5^0))*T^5 + O(T^6)
1158f1,1,0.0,7.0,5.0,"((2 + O(5))*T + (3 + O(5))*T^2 + O(5)*T^3 + (2 + O(5))*T^4 + (2*5^-1 + O(5^0))*T^5 + O(T^6), (3 + 3*5 + O(5^2))*T + (2 + 2*5 + O(5^2))*T^2 + (1 + 2*5 + O(5^2))*T^3 + (1 + 4*5 + O(5^2))*T^4 + (3*5^-1 + 1 + O(5))*T^5 + O(T^6))","((4*5 + O(5^2))*T + (5 + O(5^2))*T^2 + (2*5 + O(5^2))*T^3 + O(5^2)*T^4 + (4 + O(5))*T^5 + O(T^6), (2*5 + 3*5^2 + O(5^3))*T + (3*5 + O(5^3))*T^2 + (4*5 + 4*5^2 + O(5^3))*T^3 + (4*5 + 3*5^2 + O(5^3))*T^4 + (2 + O(5^2))*T^5 + O(T^6))","(2*5^2 + 5^3 + 5^4 + O(5^24), 5^2 + 5^3 + 2*5^5 + O(5^24))",8,O(5)*T + O(5)*T^2 + (1 + O(5))*T^3 + (3 + O(5))*T^4 + O(5^0)*T^5 + O(T^6)
1158f1,1,0.0,1.0,1.0,"((2 + O(5))*T + (3 + O(5))*T^2 + O(5)*T^3 + (2 + O(5))*T^4 + (2*5^-1 + O(5^0))*T^5 + O(T^6), (3 + 3*5 + O(5^2))*T + (2 + 2*5 + O(5^2))*T^2 + (1 + 2*5 + O(5^2))*T^3 + (1 + 4*5 + O(5^2))*T^4 + (3*5^-1 + 1 + O(5))*T^5 + O(T^6))","((4*5 + O(5^2))*T + (5 + O(5^2))*T^2 + (2*5 + O(5^2))*T^3 + O(5^2)*T^4 + (4 + O(5))*T^5 + O(T^6), (2*5 + 3*5^2 + O(5^3))*T + (3*5 + O(5^3))*T^2 + (4*5 + 4*5^2 + O(5^3))*T^3 + (4*5 + 3*5^2 + O(5^3))*T^4 + (2 + O(5^2))*T^5 + O(T^6))","(2*5^2 + 5^3 + 5^4 + O(5^24), 5^2 + 5^3 + 2*5^5 + O(5^24))",8,O(5)*T + O(5)*T^2 + (1 + O(5))*T^3 + (3 + O(5))*T^4 + O(5^0)*T^5 + O(T^6)
1162b1,1,0.0,3.0,1.0,"(O(5)*T + O(5)*T^2 + (4*5^-1 + 3 + O(5))*T^3 + (3*5^-1 + 4 + O(5))*T^4 + O(5^0)*T^5 + O(T^6), (1 + 2*5 + O(5^2))*T + (3 + 5 + O(5^2))*T^2 + (2 + 4*5 + O(5^2))*T^3 + (4 + 2*5 + O(5^2))*T^4 + (5^-1 + 3 + O(5))*T^5 + O(T^6))","((4*5 + O(5^2))*T + (2*5 + O(5^2))*T^2 + (1 + 5 + O(5^2))*T^3 + (2 + O(5^2))*T^4 + (4 + O(5))*T^5 + O(T^6), (4*5 + O(5^3))*T + (2*5 + 2*5^2 + O(5^3))*T^2 + (4*5 + 5^2 + O(5^3))*T^3 + (3*5 + 2*5^2 + O(5^3))*T^4 + (4 + 4*5 + O(5^2))*T^5 + O(T^6))","(3*5^2 + 5^3 + 4*5^5 + O(5^24), 3*5^2 + 3*5^3 + 3*5^4 + 3*5^5 + O(5^24))",13,(4 + O(5))*T + (2 + O(5))*T^2 + (4*5^-1 + 2 + O(5))*T^3 + (3*5^-1 + 2 + O(5))*T^4 + (4*5^-1 + O(5^0))*T^5 + O(T^6)
1162b1,1,0.0,1.0,1.0,"(O(5)*T + O(5)*T^2 + (4*5^-1 + 3 + O(5))*T^3 + (3*5^-1 + 4 + O(5))*T^4 + O(5^0)*T^5 + O(T^6), (1 + 2*5 + O(5^2))*T + (3 + 5 + O(5^2))*T^2 + (2 + 4*5 + O(5^2))*T^3 + (4 + 2*5 + O(5^2))*T^4 + (5^-1 + 3 + O(5))*T^5 + O(T^6))","((4*5 + O(5^2))*T + (2*5 + O(5^2))*T^2 + (1 + 5 + O(5^2))*T^3 + (2 + O(5^2))*T^4 + (4 + O(5))*T^5 + O(T^6), (4*5 + O(5^3))*T + (2*5 + 2*5^2 + O(5^3))*T^2 + (4*5 + 5^2 + O(5^3))*T^3 + (3*5 + 2*5^2 + O(5^3))*T^4 + (4 + 4*5 + O(5^2))*T^5 + O(T^6))","(3*5^2 + 5^3 + 4*5^5 + O(5^24), 3*5^2 + 3*5^3 + 3*5^4 + 3*5^5 + O(5^24))",13,(4 + O(5))*T + (2 + O(5))*T^2 + (4*5^-1 + 2 + O(5))*T^3 + (3*5^-1 + 2 + O(5))*T^4 + (4*5^-1 + O(5^0))*T^5 + O(T^6)
1176g1,1,0.0,3.0,1.0,"((2 + O(5))*T + (4 + O(5))*T^2 + (5^-1 + 2 + O(5))*T^3 + (5^-1 + 1 + O(5))*T^4 + (4*5^-1 + O(5^0))*T^5 + O(T^6), (2 + 5 + O(5^2))*T + (4 + 2*5 + O(5^2))*T^2 + (2 + 2*5 + O(5^2))*T^3 + (3*5 + O(5^2))*T^4 + (2*5^-1 + 4 + O(5))*T^5 + O(T^6))","((5 + O(5^2))*T + (2*5 + O(5^2))*T^2 + (4 + 4*5 + O(5^2))*T^3 + (4 + 2*5 + O(5^2))*T^4 + (4 + O(5))*T^5 + O(T^6), (3*5 + O(5^3))*T + (5 + 5^2 + O(5^3))*T^2 + (2*5 + 2*5^2 + O(5^3))*T^3 + (4*5 + 3*5^2 + O(5^3))*T^4 + (3 + O(5^2))*T^5 + O(T^6))","(4*5^2 + 3*5^3 + 3*5^4 + O(5^24), 2*5^2 + 2*5^3 + 2*5^4 + 4*5^5 + O(5^24))",16,O(5)*T + O(5)*T^2 + (5^-1 + 3 + O(5))*T^3 + (5^-1 + 4 + O(5))*T^4 + (2*5^-1 + O(5^0))*T^5 + O(T^6)
1176g1,1,0.0,1.0,1.0,"((2 + O(5))*T + (4 + O(5))*T^2 + (5^-1 + 2 + O(5))*T^3 + (5^-1 + 1 + O(5))*T^4 + (4*5^-1 + O(5^0))*T^5 + O(T^6), (2 + 5 + O(5^2))*T + (4 + 2*5 + O(5^2))*T^2 + (2 + 2*5 + O(5^2))*T^3 + (3*5 + O(5^2))*T^4 + (2*5^-1 + 4 + O(5))*T^5 + O(T^6))","((5 + O(5^2))*T + (2*5 + O(5^2))*T^2 + (4 + 4*5 + O(5^2))*T^3 + (4 + 2*5 + O(5^2))*T^4 + (4 + O(5))*T^5 + O(T^6), (3*5 + O(5^3))*T + (5 + 5^2 + O(5^3))*T^2 + (2*5 + 2*5^2 + O(5^3))*T^3 + (4*5 + 3*5^2 + O(5^3))*T^4 + (3 + O(5^2))*T^5 + O(T^6))","(4*5^2 + 3*5^3 + 3*5^4 + O(5^24), 2*5^2 + 2*5^3 + 2*5^4 + 4*5^5 + O(5^24))",16,O(5)*T + O(5)*T^2 + (5^-1 + 3 + O(5))*T^3 + (5^-1 + 4 + O(5))*T^4 + (2*5^-1 + O(5^0))*T^5 + O(T^6)
1184c1,1,0.0,3.0,1.0,"(O(5)*T + O(5)*T^2 + (4*5^-1 + 3 + O(5))*T^3 + (3*5^-1 + O(5))*T^4 + O(5^0)*T^5 + O(T^6), (2 + O(5^2))*T + (1 + O(5^2))*T^2 + (2 + 4*5 + O(5^2))*T^3 + (4 + 3*5 + O(5^2))*T^4 + (2*5^-1 + O(5))*T^5 + O(T^6))","((5 + O(5^2))*T + (3*5 + O(5^2))*T^2 + (1 + 4*5 + O(5^2))*T^3 + (2 + O(5^2))*T^4 + (1 + O(5))*T^5 + O(T^6), (3*5 + O(5^3))*T + (4*5 + 2*5^2 + O(5^3))*T^2 + (5 + O(5^3))*T^3 + (2*5 + 5^2 + O(5^3))*T^4 + (3 + O(5^2))*T^5 + O(T^6))","(3*5^2 + 4*5^3 + 5^4 + 3*5^5 + O(5^24), 4*5^2 + 4*5^3 + 3*5^4 + 2*5^5 + O(5^24))",2,O(5)*T + O(5)*T^2 + (4*5^-1 + 3 + O(5))*T^3 + (3*5^-1 + O(5))*T^4 + O(5^0)*T^5 + O(T^6)
1184c1,1,0.0,1.0,1.0,"(O(5)*T + O(5)*T^2 + (4*5^-1 + 3 + O(5))*T^3 + (3*5^-1 + O(5))*T^4 + O(5^0)*T^5 + O(T^6), (2 + O(5^2))*T + (1 + O(5^2))*T^2 + (2 + 4*5 + O(5^2))*T^3 + (4 + 3*5 + O(5^2))*T^4 + (2*5^-1 + O(5))*T^5 + O(T^6))","((5 + O(5^2))*T + (3*5 + O(5^2))*T^2 + (1 + 4*5 + O(5^2))*T^3 + (2 + O(5^2))*T^4 + (1 + O(5))*T^5 + O(T^6), (3*5 + O(5^3))*T + (4*5 + 2*5^2 + O(5^3))*T^2 + (5 + O(5^3))*T^3 + (2*5 + 5^2 + O(5^3))*T^4 + (3 + O(5^2))*T^5 + O(T^6))","(3*5^2 + 4*5^3 + 5^4 + 3*5^5 + O(5^24), 4*5^2 + 4*5^3 + 3*5^4 + 2*5^5 + O(5^24))",2,O(5)*T + O(5)*T^2 + (4*5^-1 + 3 + O(5))*T^3 + (3*5^-1 + O(5))*T^4 + O(5^0)*T^5 + O(T^6)
1188b1,1,0.0,3.0,1.0,"(O(5)*T + O(5)*T^2 + (3*5^-1 + 1 + O(5))*T^3 + (5^-1 + O(5))*T^4 + O(5^0)*T^5 + O(T^6), (3 + O(5^2))*T + (4 + O(5^2))*T^2 + (2 + 3*5 + O(5^2))*T^3 + (4 + 5 + O(5^2))*T^4 + (3*5^-1 + 4 + O(5))*T^5 + O(T^6))","((2*5 + O(5^2))*T + (5 + O(5^2))*T^2 + (2 + 5 + O(5^2))*T^3 + (4 + O(5^2))*T^4 + (2 + O(5))*T^5 + O(T^6), (2*5 + 2*5^2 + O(5^3))*T + (5 + 3*5^2 + O(5^3))*T^2 + (3*5^2 + O(5^3))*T^3 + (4*5^2 + O(5^3))*T^4 + (2 + 3*5 + O(5^2))*T^5 + O(T^6))","(2*5^2 + 4*5^3 + 3*5^4 + 3*5^5 + O(5^24), 2*5^2 + 3*5^3 + 5^5 + O(5^24))",1,(2 + O(5))*T + (1 + O(5))*T^2 + (3*5^-1 + O(5))*T^3 + (5^-1 + 3 + O(5))*T^4 + (2*5^-1 + O(5^0))*T^5 + O(T^6)
1188b1,1,0.0,1.0,1.0,"(O(5)*T + O(5)*T^2 + (3*5^-1 + 1 + O(5))*T^3 + (5^-1 + O(5))*T^4 + O(5^0)*T^5 + O(T^6), (3 + O(5^2))*T + (4 + O(5^2))*T^2 + (2 + 3*5 + O(5^2))*T^3 + (4 + 5 + O(5^2))*T^4 + (3*5^-1 + 4 + O(5))*T^5 + O(T^6))","((2*5 + O(5^2))*T + (5 + O(5^2))*T^2 + (2 + 5 + O(5^2))*T^3 + (4 + O(5^2))*T^4 + (2 + O(5))*T^5 + O(T^6), (2*5 + 2*5^2 + O(5^3))*T + (5 + 3*5^2 + O(5^3))*T^2 + (3*5^2 + O(5^3))*T^3 + (4*5^2 + O(5^3))*T^4 + (2 + 3*5 + O(5^2))*T^5 + O(T^6))","(2*5^2 + 4*5^3 + 3*5^4 + 3*5^5 + O(5^24), 2*5^2 + 3*5^3 + 5^5 + O(5^24))",1,(2 + O(5))*T + (1 + O(5))*T^2 + (3*5^-1 + O(5))*T^3 + (5^-1 + 3 + O(5))*T^4 + (2*5^-1 + O(5^0))*T^5 + O(T^6)
1194a1,1,0.0,3.0,1.0,"((4 + O(5))*T + (1 + O(5))*T^2 + (5^-1 + 3 + O(5))*T^3 + (3*5^-1 + 1 + O(5))*T^4 + (2*5^-1 + O(5^0))*T^5 + O(T^6), (1 + 2*5 + O(5^2))*T + (4 + 3*5 + O(5^2))*T^2 + (3*5 + O(5^2))*T^3 + (1 + 3*5 + O(5^2))*T^4 + (5^-1 + 2 + O(5))*T^5 + O(T^6))","(O(5^2)*T + O(5^2)*T^2 + (4 + 2*5 + O(5^2))*T^3 + (2 + O(5^2))*T^4 + (2 + O(5))*T^5 + O(T^6), (4*5 + 3*5^2 + O(5^3))*T + (5 + O(5^3))*T^2 + (4*5 + 3*5^2 + O(5^3))*T^3 + (5 + O(5^3))*T^4 + (4 + O(5^2))*T^5 + O(T^6))","(3*5^3 + 3*5^4 + O(5^25), 2*5^2 + 5^3 + 5^4 + 2*5^5 + O(5^24))",2,(3 + O(5))*T + (2 + O(5))*T^2 + (5^-1 + 4 + O(5))*T^3 + (3*5^-1 + 3 + O(5))*T^4 + (5^-1 + O(5^0))*T^5 + O(T^6)
1194a1,1,0.0,1.0,1.0,"((4 + O(5))*T + (1 + O(5))*T^2 + (5^-1 + 3 + O(5))*T^3 + (3*5^-1 + 1 + O(5))*T^4 + (2*5^-1 + O(5^0))*T^5 + O(T^6), (1 + 2*5 + O(5^2))*T + (4 + 3*5 + O(5^2))*T^2 + (3*5 + O(5^2))*T^3 + (1 + 3*5 + O(5^2))*T^4 + (5^-1 + 2 + O(5))*T^5 + O(T^6))","(O(5^2)*T + O(5^2)*T^2 + (4 + 2*5 + O(5^2))*T^3 + (2 + O(5^2))*T^4 + (2 + O(5))*T^5 + O(T^6), (4*5 + 3*5^2 + O(5^3))*T + (5 + O(5^3))*T^2 + (4*5 + 3*5^2 + O(5^3))*T^3 + (5 + O(5^3))*T^4 + (4 + O(5^2))*T^5 + O(T^6))","(3*5^3 + 3*5^4 + O(5^25), 2*5^2 + 5^3 + 5^4 + 2*5^5 + O(5^24))",2,(3 + O(5))*T + (2 + O(5))*T^2 + (5^-1 + 4 + O(5))*T^3 + (3*5^-1 + 3 + O(5))*T^4 + (5^-1 + O(5^0))*T^5 + O(T^6)
1197a1,1,0.0,3.0,1.0,"((4 + O(5))*T + (3*5^-1 + 1 + O(5))*T^3 + (2*5^-1 + 3 + O(5))*T^4 + (2*5^-1 + O(5^0))*T^5 + O(T^6), (1 + 2*5 + O(5^2))*T + (4 + 3*5 + O(5^2))*T^3 + (1 + 3*5 + O(5^2))*T^4 + (5^-1 + 1 + O(5))*T^5 + O(T^6))","((3*5 + O(5^2))*T + (2 + O(5^2))*T^3 + (3 + 4*5 + O(5^2))*T^4 + O(5)*T^5 + O(T^6), (4*5 + 2*5^2 + O(5^3))*T + (2*5^2 + O(5^3))*T^3 + (5^2 + O(5^3))*T^4 + (4 + 2*5 + O(5^2))*T^5 + O(T^6))","(3*5^2 + 3*5^3 + 4*5^4 + 4*5^5 + O(5^24), 4*5^2 + 4*5^4 + O(5^24))",4,O(5)*T + (3*5^-1 + 1 + O(5))*T^3 + (2*5^-1 + 3 + O(5))*T^4 + (3*5^-1 + O(5^0))*T^5 + O(T^6)
1197a1,1,0.0,1.0,1.0,"((4 + O(5))*T + (3*5^-1 + 1 + O(5))*T^3 + (2*5^-1 + 3 + O(5))*T^4 + (2*5^-1 + O(5^0))*T^5 + O(T^6), (1 + 2*5 + O(5^2))*T + (4 + 3*5 + O(5^2))*T^3 + (1 + 3*5 + O(5^2))*T^4 + (5^-1 + 1 + O(5))*T^5 + O(T^6))","((3*5 + O(5^2))*T + (2 + O(5^2))*T^3 + (3 + 4*5 + O(5^2))*T^4 + O(5)*T^5 + O(T^6), (4*5 + 2*5^2 + O(5^3))*T + (2*5^2 + O(5^3))*T^3 + (5^2 + O(5^3))*T^4 + (4 + 2*5 + O(5^2))*T^5 + O(T^6))","(3*5^2 + 3*5^3 + 4*5^4 + 4*5^5 + O(5^24), 4*5^2 + 4*5^4 + O(5^24))",4,O(5)*T + (3*5^-1 + 1 + O(5))*T^3 + (2*5^-1 + 3 + O(5))*T^4 + (3*5^-1 + O(5^0))*T^5 + O(T^6)
1197b1,1,0.0,3.0,1.0,"((4 + O(5))*T + (5^-1 + 1 + O(5))*T^3 + (4*5^-1 + 3 + O(5))*T^4 + (5^-1 + O(5^0))*T^5 + O(T^6), (3 + 2*5 + O(5^2))*T + (4 + O(5^2))*T^3 + (1 + 4*5 + O(5^2))*T^4 + (3*5^-1 + 2 + O(5))*T^5 + O(T^6))","((4*5 + O(5^2))*T + (4 + 4*5 + O(5^2))*T^3 + (1 + O(5^2))*T^4 + (2 + O(5))*T^5 + O(T^6), (2*5 + 3*5^2 + O(5^3))*T + (2*5 + 2*5^2 + O(5^3))*T^3 + (3*5 + 2*5^2 + O(5^3))*T^4 + (2 + O(5^2))*T^5 + O(T^6))","(4*5^2 + 2*5^3 + 4*5^4 + 2*5^5 + O(5^24), 2*5^2 + 4*5^3 + 3*5^4 + 3*5^5 + O(5^24))",4,O(5)*T + (5^-1 + 3 + O(5))*T^3 + (4*5^-1 + 1 + O(5))*T^4 + (2*5^-1 + O(5^0))*T^5 + O(T^6)
1197b1,1,0.0,1.0,1.0,"((4 + O(5))*T + (5^-1 + 1 + O(5))*T^3 + (4*5^-1 + 3 + O(5))*T^4 + (5^-1 + O(5^0))*T^5 + O(T^6), (3 + 2*5 + O(5^2))*T + (4 + O(5^2))*T^3 + (1 + 4*5 + O(5^2))*T^4 + (3*5^-1 + 2 + O(5))*T^5 + O(T^6))","((4*5 + O(5^2))*T + (4 + 4*5 + O(5^2))*T^3 + (1 + O(5^2))*T^4 + (2 + O(5))*T^5 + O(T^6), (2*5 + 3*5^2 + O(5^3))*T + (2*5 + 2*5^2 + O(5^3))*T^3 + (3*5 + 2*5^2 + O(5^3))*T^4 + (2 + O(5^2))*T^5 + O(T^6))","(4*5^2 + 2*5^3 + 4*5^4 + 2*5^5 + O(5^24), 2*5^2 + 4*5^3 + 3*5^4 + 3*5^5 + O(5^24))",4,O(5)*T + (5^-1 + 3 + O(5))*T^3 + (4*5^-1 + 1 + O(5))*T^4 + (2*5^-1 + O(5^0))*T^5 + O(T^6)
1216c1,1,0.0,3.0,1.0,"(O(5)*T + O(5)*T^2 + (5^-1 + 3 + O(5))*T^3 + (2*5^-1 + O(5))*T^4 + (5^-1 + O(5^0))*T^5 + O(T^6), (1 + 4*5 + O(5^2))*T + (3 + 2*5 + O(5^2))*T^2 + (3 + 2*5 + O(5^2))*T^3 + (1 + O(5^2))*T^4 + (5^-1 + 4 + O(5))*T^5 + O(T^6))","((3*5 + O(5^2))*T + (4*5 + O(5^2))*T^2 + (4 + 4*5 + O(5^2))*T^3 + (3 + O(5^2))*T^4 + (2 + O(5))*T^5 + O(T^6), (4*5 + 2*5^2 + O(5^3))*T + (2*5 + 3*5^2 + O(5^3))*T^2 + (4*5 + 4*5^2 + O(5^3))*T^3 + (3*5 + 2*5^2 + O(5^3))*T^4 + (4 + 4*5 + O(5^2))*T^5 + O(T^6))","(2*5^2 + 4*5^5 + O(5^24), 5^2 + 2*5^3 + 4*5^4 + 5^5 + O(5^24))",4,O(5)*T + O(5)*T^2 + (5^-1 + 2 + O(5))*T^3 + (2*5^-1 + 3 + O(5))*T^4 + (5^-1 + O(5^0))*T^5 + O(T^6)
1216c1,1,0.0,1.0,1.0,"(O(5)*T + O(5)*T^2 + (5^-1 + 3 + O(5))*T^3 + (2*5^-1 + O(5))*T^4 + (5^-1 + O(5^0))*T^5 + O(T^6), (1 + 4*5 + O(5^2))*T + (3 + 2*5 + O(5^2))*T^2 + (3 + 2*5 + O(5^2))*T^3 + (1 + O(5^2))*T^4 + (5^-1 + 4 + O(5))*T^5 + O(T^6))","((3*5 + O(5^2))*T + (4*5 + O(5^2))*T^2 + (4 + 4*5 + O(5^2))*T^3 + (3 + O(5^2))*T^4 + (2 + O(5))*T^5 + O(T^6), (4*5 + 2*5^2 + O(5^3))*T + (2*5 + 3*5^2 + O(5^3))*T^2 + (4*5 + 4*5^2 + O(5^3))*T^3 + (3*5 + 2*5^2 + O(5^3))*T^4 + (4 + 4*5 + O(5^2))*T^5 + O(T^6))","(2*5^2 + 4*5^5 + O(5^24), 5^2 + 2*5^3 + 4*5^4 + 5^5 + O(5^24))",4,O(5)*T + O(5)*T^2 + (5^-1 + 2 + O(5))*T^3 + (2*5^-1 + 3 + O(5))*T^4 + (5^-1 + O(5^0))*T^5 + O(T^6)
1227b1,1,0.0,3.0,1.0,"((2 + O(5))*T + (2 + O(5))*T^2 + (3*5^-1 + 3 + O(5))*T^3 + (2 + O(5))*T^4 + (5^-1 + O(5^0))*T^5 + O(T^6), O(5^2)*T + O(5^2)*T^2 + (5 + O(5^2))*T^3 + O(5^2)*T^4 + O(5)*T^5 + O(T^6))","((3*5 + O(5^2))*T + (3*5 + O(5^2))*T^2 + (2 + O(5^2))*T^3 + (3*5 + O(5^2))*T^4 + (4 + O(5))*T^5 + O(T^6), (4*5^2 + O(5^3))*T + (4*5^2 + O(5^3))*T^2 + (5 + O(5^3))*T^3 + (4*5^2 + O(5^3))*T^4 + (2*5 + O(5^2))*T^5 + O(T^6))","(3*5^2 + 4*5^3 + 2*5^4 + 3*5^5 + O(5^24), 4*5^4 + O(5^26))",1,(2 + O(5))*T + (2 + O(5))*T^2 + (3*5^-1 + 3 + O(5))*T^3 + (2 + O(5))*T^4 + (5^-1 + O(5^0))*T^5 + O(T^6)
1227b1,1,0.0,5.0,1.0,"((2 + O(5))*T + (2 + O(5))*T^2 + (3*5^-1 + 3 + O(5))*T^3 + (2 + O(5))*T^4 + (5^-1 + O(5^0))*T^5 + O(T^6), O(5^2)*T + O(5^2)*T^2 + (5 + O(5^2))*T^3 + O(5^2)*T^4 + O(5)*T^5 + O(T^6))","((3*5 + O(5^2))*T + (3*5 + O(5^2))*T^2 + (2 + O(5^2))*T^3 + (3*5 + O(5^2))*T^4 + (4 + O(5))*T^5 + O(T^6), (4*5^2 + O(5^3))*T + (4*5^2 + O(5^3))*T^2 + (5 + O(5^3))*T^3 + (4*5^2 + O(5^3))*T^4 + (2*5 + O(5^2))*T^5 + O(T^6))","(3*5^2 + 4*5^3 + 2*5^4 + 3*5^5 + O(5^24), 4*5^4 + O(5^26))",1,(2 + O(5))*T + (2 + O(5))*T^2 + (3*5^-1 + 3 + O(5))*T^3 + (2 + O(5))*T^4 + (5^-1 + O(5^0))*T^5 + O(T^6)
1248g1,1,0.0,7.0,5.0,"((2 + O(5))*T + (2 + O(5))*T^2 + O(5)*T^3 + (2*5^-1 + O(5^0))*T^5 + O(T^6), (2 + 3*5 + O(5^2))*T + (2 + 3*5 + O(5^2))*T^2 + (3 + 5 + O(5^2))*T^3 + (2*5^-1 + 2 + O(5))*T^5 + O(T^6))","((5 + O(5^2))*T + (5 + O(5^2))*T^2 + (2*5 + O(5^2))*T^3 + (1 + O(5))*T^5 + O(T^6), (3*5 + O(5^3))*T + (3*5 + O(5^3))*T^2 + (2*5 + 2*5^2 + O(5^3))*T^3 + (3 + 5 + O(5^2))*T^5 + O(T^6))","(5^2 + 2*5^3 + 4*5^4 + 2*5^5 + O(5^24), 3*5^2 + 5^3 + 4*5^4 + O(5^24))",4,O(5)*T + O(5)*T^2 + (2 + O(5))*T^3 + O(5^0)*T^5 + O(T^6)
1248g1,1,0.0,1.0,1.0,"((2 + O(5))*T + (2 + O(5))*T^2 + O(5)*T^3 + (2*5^-1 + O(5^0))*T^5 + O(T^6), (2 + 3*5 + O(5^2))*T + (2 + 3*5 + O(5^2))*T^2 + (3 + 5 + O(5^2))*T^3 + (2*5^-1 + 2 + O(5))*T^5 + O(T^6))","((5 + O(5^2))*T + (5 + O(5^2))*T^2 + (2*5 + O(5^2))*T^3 + (1 + O(5))*T^5 + O(T^6), (3*5 + O(5^3))*T + (3*5 + O(5^3))*T^2 + (2*5 + 2*5^2 + O(5^3))*T^3 + (3 + 5 + O(5^2))*T^5 + O(T^6))","(5^2 + 2*5^3 + 4*5^4 + 2*5^5 + O(5^24), 3*5^2 + 5^3 + 4*5^4 + O(5^24))",4,O(5)*T + O(5)*T^2 + (2 + O(5))*T^3 + O(5^0)*T^5 + O(T^6)
1254d1,1,0.0,5.0,5.0,"((4 + O(5))*T + (3 + O(5))*T^3 + (2 + O(5))*T^4 + (4*5^-1 + O(5^0))*T^5 + O(T^6), (4 + O(5^2))*T + (1 + O(5^2))*T^3 + (4 + O(5^2))*T^4 + (4*5^-1 + 3 + O(5))*T^5 + O(T^6))","((3*5 + O(5^2))*T + O(5^2)*T^3 + O(5^2)*T^4 + (3 + O(5))*T^5 + O(T^6), (5 + 4*5^2 + O(5^3))*T + (4*5 + 3*5^2 + O(5^3))*T^3 + (5 + O(5^3))*T^4 + (1 + 5 + O(5^2))*T^5 + O(T^6))","(3*5^2 + 4*5^3 + O(5^24), 5^2 + 5^3 + 4*5^4 + 3*5^5 + O(5^24))",4,(4 + O(5))*T + (3 + O(5))*T^3 + (2 + O(5))*T^4 + (4*5^-1 + O(5^0))*T^5 + O(T^6)
1254d1,1,0.0,1.0,1.0,"((4 + O(5))*T + (3 + O(5))*T^3 + (2 + O(5))*T^4 + (4*5^-1 + O(5^0))*T^5 + O(T^6), (4 + O(5^2))*T + (1 + O(5^2))*T^3 + (4 + O(5^2))*T^4 + (4*5^-1 + 3 + O(5))*T^5 + O(T^6))","((3*5 + O(5^2))*T + O(5^2)*T^3 + O(5^2)*T^4 + (3 + O(5))*T^5 + O(T^6), (5 + 4*5^2 + O(5^3))*T + (4*5 + 3*5^2 + O(5^3))*T^3 + (5 + O(5^3))*T^4 + (1 + 5 + O(5^2))*T^5 + O(T^6))","(3*5^2 + 4*5^3 + O(5^24), 5^2 + 5^3 + 4*5^4 + 3*5^5 + O(5^24))",4,(4 + O(5))*T + (3 + O(5))*T^3 + (2 + O(5))*T^4 + (4*5^-1 + O(5^0))*T^5 + O(T^6)
1274i1,1,0.0,3.0,1.0,"((4 + O(5))*T + (3 + O(5))*T^2 + (2*5^-1 + 4 + O(5))*T^3 + (2*5^-1 + O(5))*T^4 + (3*5^-1 + O(5^0))*T^5 + O(T^6), (4 + 2*5 + O(5^2))*T + (3 + 4*5 + O(5^2))*T^2 + (4 + 2*5 + O(5^2))*T^3 + (5 + O(5^2))*T^4 + (4*5^-1 + 2 + O(5))*T^5 + O(T^6))","((4*5 + O(5^2))*T + (3*5 + O(5^2))*T^2 + (3 + 5 + O(5^2))*T^3 + (3 + 2*5 + O(5^2))*T^4 + O(5)*T^5 + O(T^6), (5 + 2*5^2 + O(5^3))*T + (2*5 + O(5^3))*T^2 + (2*5 + 4*5^2 + O(5^3))*T^3 + (5 + 5^2 + O(5^3))*T^4 + (1 + 4*5 + O(5^2))*T^5 + O(T^6))","(4*5^2 + 5^3 + 3*5^4 + 3*5^5 + O(5^24), 5^2 + 4*5^3 + 5^4 + 3*5^5 + O(5^24))",36,(3 + O(5))*T + (1 + O(5))*T^2 + (2*5^-1 + O(5))*T^3 + (2*5^-1 + 2 + O(5))*T^4 + (2*5^-1 + O(5^0))*T^5 + O(T^6)
1274i1,1,0.0,1.0,1.0,"((4 + O(5))*T + (3 + O(5))*T^2 + (2*5^-1 + 4 + O(5))*T^3 + (2*5^-1 + O(5))*T^4 + (3*5^-1 + O(5^0))*T^5 + O(T^6), (4 + 2*5 + O(5^2))*T + (3 + 4*5 + O(5^2))*T^2 + (4 + 2*5 + O(5^2))*T^3 + (5 + O(5^2))*T^4 + (4*5^-1 + 2 + O(5))*T^5 + O(T^6))","((4*5 + O(5^2))*T + (3*5 + O(5^2))*T^2 + (3 + 5 + O(5^2))*T^3 + (3 + 2*5 + O(5^2))*T^4 + O(5)*T^5 + O(T^6), (5 + 2*5^2 + O(5^3))*T + (2*5 + O(5^3))*T^2 + (2*5 + 4*5^2 + O(5^3))*T^3 + (5 + 5^2 + O(5^3))*T^4 + (1 + 4*5 + O(5^2))*T^5 + O(T^6))","(4*5^2 + 5^3 + 3*5^4 + 3*5^5 + O(5^24), 5^2 + 4*5^3 + 5^4 + 3*5^5 + O(5^24))",36,(3 + O(5))*T + (1 + O(5))*T^2 + (2*5^-1 + O(5))*T^3 + (2*5^-1 + 2 + O(5))*T^4 + (2*5^-1 + O(5^0))*T^5 + O(T^6)
1278e1,1,0.0,3.0,1.0,"((2 + O(5))*T + (3*5^-1 + 1 + O(5))*T^3 + (2*5^-1 + 1 + O(5))*T^4 + (3*5^-1 + O(5^0))*T^5 + O(T^6), (4 + 5 + O(5^2))*T + (3 + 4*5 + O(5^2))*T^3 + (2 + 2*5 + O(5^2))*T^4 + (4*5^-1 + O(5))*T^5 + O(T^6))","(O(5^2)*T + (2 + 4*5 + O(5^2))*T^3 + (3 + 2*5 + O(5^2))*T^4 + (4 + O(5))*T^5 + O(T^6), (5 + O(5^3))*T + (3*5 + 4*5^2 + O(5^3))*T^3 + (2*5 + 4*5^2 + O(5^3))*T^4 + (1 + 3*5 + O(5^2))*T^5 + O(T^6))","(5^3 + 3*5^4 + 5^5 + O(5^25), 5^2 + 5^3 + 4*5^4 + O(5^24))",1,(2 + O(5))*T + (3*5^-1 + 3 + O(5))*T^3 + (2*5^-1 + 4 + O(5))*T^4 + (3*5^-1 + O(5^0))*T^5 + O(T^6)
1278e1,1,0.0,1.0,1.0,"((2 + O(5))*T + (3*5^-1 + 1 + O(5))*T^3 + (2*5^-1 + 1 + O(5))*T^4 + (3*5^-1 + O(5^0))*T^5 + O(T^6), (4 + 5 + O(5^2))*T + (3 + 4*5 + O(5^2))*T^3 + (2 + 2*5 + O(5^2))*T^4 + (4*5^-1 + O(5))*T^5 + O(T^6))","(O(5^2)*T + (2 + 4*5 + O(5^2))*T^3 + (3 + 2*5 + O(5^2))*T^4 + (4 + O(5))*T^5 + O(T^6), (5 + O(5^3))*T + (3*5 + 4*5^2 + O(5^3))*T^3 + (2*5 + 4*5^2 + O(5^3))*T^4 + (1 + 3*5 + O(5^2))*T^5 + O(T^6))","(5^3 + 3*5^4 + 5^5 + O(5^25), 5^2 + 5^3 + 4*5^4 + O(5^24))",1,(2 + O(5))*T + (3*5^-1 + 3 + O(5))*T^3 + (2*5^-1 + 4 + O(5))*T^4 + (3*5^-1 + O(5^0))*T^5 + O(T^6)
1287c1,1,0.0,5.0,1.0,"((1 + O(5))*T + (3 + O(5))*T^2 + (2 + O(5))*T^3 + (4 + O(5))*T^4 + (2*5^-1 + O(5^0))*T^5 + O(T^6), O(5^2)*T + O(5^2)*T^2 + (4 + 4*5 + O(5^2))*T^3 + (3 + 3*5 + O(5^2))*T^4 + (3 + O(5))*T^5 + O(T^6))","((4*5 + O(5^2))*T + (2*5 + O(5^2))*T^2 + O(5^2)*T^3 + O(5^2)*T^4 + (3 + O(5))*T^5 + O(T^6), (2*5^2 + O(5^3))*T + (5^2 + O(5^3))*T^2 + (5 + O(5^3))*T^3 + (2*5 + 5^2 + O(5^3))*T^4 + (5 + O(5^2))*T^5 + O(T^6))","(4*5^2 + 3*5^3 + 2*5^4 + 2*5^5 + O(5^24), 4*5^4 + 2*5^5 + O(5^26))",4,(1 + O(5))*T + (3 + O(5))*T^2 + (2 + O(5))*T^3 + (4 + O(5))*T^4 + (2*5^-1 + O(5^0))*T^5 + O(T^6)
1287c1,1,0.0,3.0,1.0,"((1 + O(5))*T + (3 + O(5))*T^2 + (2 + O(5))*T^3 + (4 + O(5))*T^4 + (2*5^-1 + O(5^0))*T^5 + O(T^6), O(5^2)*T + O(5^2)*T^2 + (4 + 4*5 + O(5^2))*T^3 + (3 + 3*5 + O(5^2))*T^4 + (3 + O(5))*T^5 + O(T^6))","((4*5 + O(5^2))*T + (2*5 + O(5^2))*T^2 + O(5^2)*T^3 + O(5^2)*T^4 + (3 + O(5))*T^5 + O(T^6), (2*5^2 + O(5^3))*T + (5^2 + O(5^3))*T^2 + (5 + O(5^3))*T^3 + (2*5 + 5^2 + O(5^3))*T^4 + (5 + O(5^2))*T^5 + O(T^6))","(4*5^2 + 3*5^3 + 2*5^4 + 2*5^5 + O(5^24), 4*5^4 + 2*5^5 + O(5^26))",4,(1 + O(5))*T + (3 + O(5))*T^2 + (2 + O(5))*T^3 + (4 + O(5))*T^4 + (2*5^-1 + O(5^0))*T^5 + O(T^6)
1302e1,1,0.0,3.0,1.0,"((3 + O(5))*T + (3 + O(5))*T^2 + (4*5^-1 + 2 + O(5))*T^3 + (3 + O(5))*T^4 + O(5^0)*T^5 + O(T^6), (1 + 3*5 + O(5^2))*T + (1 + 3*5 + O(5^2))*T^2 + (3 + 2*5 + O(5^2))*T^3 + (5 + O(5^2))*T^4 + (5^-1 + 1 + O(5))*T^5 + O(T^6))","((5 + O(5^2))*T + (5 + O(5^2))*T^2 + (1 + 5 + O(5^2))*T^3 + (2*5 + O(5^2))*T^4 + (4 + O(5))*T^5 + O(T^6), (4*5 + 5^2 + O(5^3))*T + (4*5 + 5^2 + O(5^3))*T^2 + (3*5 + O(5^3))*T^3 + (5^2 + O(5^3))*T^4 + (4 + 5 + O(5^2))*T^5 + O(T^6))","(3*5^2 + 2*5^3 + 3*5^5 + O(5^24), 2*5^2 + 3*5^3 + 3*5^4 + 2*5^5 + O(5^24))",8,(2 + O(5))*T + (2 + O(5))*T^2 + (4*5^-1 + O(5))*T^3 + (3 + O(5))*T^4 + (4*5^-1 + O(5^0))*T^5 + O(T^6)
1302e1,1,0.0,1.0,1.0,"((3 + O(5))*T + (3 + O(5))*T^2 + (4*5^-1 + 2 + O(5))*T^3 + (3 + O(5))*T^4 + O(5^0)*T^5 + O(T^6), (1 + 3*5 + O(5^2))*T + (1 + 3*5 + O(5^2))*T^2 + (3 + 2*5 + O(5^2))*T^3 + (5 + O(5^2))*T^4 + (5^-1 + 1 + O(5))*T^5 + O(T^6))","((5 + O(5^2))*T + (5 + O(5^2))*T^2 + (1 + 5 + O(5^2))*T^3 + (2*5 + O(5^2))*T^4 + (4 + O(5))*T^5 + O(T^6), (4*5 + 5^2 + O(5^3))*T + (4*5 + 5^2 + O(5^3))*T^2 + (3*5 + O(5^3))*T^3 + (5^2 + O(5^3))*T^4 + (4 + 5 + O(5^2))*T^5 + O(T^6))","(3*5^2 + 2*5^3 + 3*5^5 + O(5^24), 2*5^2 + 3*5^3 + 3*5^4 + 2*5^5 + O(5^24))",8,(2 + O(5))*T + (2 + O(5))*T^2 + (4*5^-1 + O(5))*T^3 + (3 + O(5))*T^4 + (4*5^-1 + O(5^0))*T^5 + O(T^6)
1304b1,1,0.0,5.0,5.0,"((2 + O(5))*T + (1 + O(5))*T^3 + (4 + O(5))*T^4 + (2*5^-1 + O(5^0))*T^5 + O(T^6), (2 + O(5^2))*T + (2 + 4*5 + O(5^2))*T^3 + (3 + 5 + O(5^2))*T^4 + (2*5^-1 + 2 + O(5))*T^5 + O(T^6))","((2*5 + O(5^2))*T + (3*5 + O(5^2))*T^3 + (2*5 + O(5^2))*T^4 + (2 + O(5))*T^5 + O(T^6), (3*5 + 3*5^2 + O(5^3))*T + (3*5 + 5^2 + O(5^3))*T^3 + (2*5 + 2*5^2 + O(5^3))*T^4 + (3 + 5 + O(5^2))*T^5 + O(T^6))","(5^2 + 2*5^3 + 4*5^5 + O(5^24), 4*5^2 + 3*5^3 + 3*5^4 + 5^5 + O(5^24))",2,(4 + O(5))*T + (3 + O(5))*T^3 + (2 + O(5))*T^4 + (4*5^-1 + O(5^0))*T^5 + O(T^6)
1304b1,1,0.0,1.0,1.0,"((2 + O(5))*T + (1 + O(5))*T^3 + (4 + O(5))*T^4 + (2*5^-1 + O(5^0))*T^5 + O(T^6), (2 + O(5^2))*T + (2 + 4*5 + O(5^2))*T^3 + (3 + 5 + O(5^2))*T^4 + (2*5^-1 + 2 + O(5))*T^5 + O(T^6))","((2*5 + O(5^2))*T + (3*5 + O(5^2))*T^3 + (2*5 + O(5^2))*T^4 + (2 + O(5))*T^5 + O(T^6), (3*5 + 3*5^2 + O(5^3))*T + (3*5 + 5^2 + O(5^3))*T^3 + (2*5 + 2*5^2 + O(5^3))*T^4 + (3 + 5 + O(5^2))*T^5 + O(T^6))","(5^2 + 2*5^3 + 4*5^5 + O(5^24), 4*5^2 + 3*5^3 + 3*5^4 + 5^5 + O(5^24))",2,(4 + O(5))*T + (3 + O(5))*T^3 + (2 + O(5))*T^4 + (4*5^-1 + O(5^0))*T^5 + O(T^6)
1354a1,1,0.0,3.0,1.0,"((3 + O(5))*T + (2*5^-1 + 1 + O(5))*T^3 + (3*5^-1 + 3 + O(5))*T^4 + (4*5^-1 + O(5^0))*T^5 + O(T^6), (4 + 5 + O(5^2))*T + (3 + 2*5 + O(5^2))*T^3 + (2 + 5 + O(5^2))*T^4 + (4*5^-1 + O(5))*T^5 + O(T^6))","((3*5 + O(5^2))*T + (3 + O(5^2))*T^3 + (2 + 4*5 + O(5^2))*T^4 + (2 + O(5))*T^5 + O(T^6), (5 + 4*5^2 + O(5^3))*T + (4*5^2 + O(5^3))*T^3 + (2*5^2 + O(5^3))*T^4 + (1 + 4*5 + O(5^2))*T^5 + O(T^6))","(4*5^2 + 3*5^5 + O(5^24), 3*5^2 + 2*5^3 + 5^4 + 5^5 + O(5^24))",2,(4 + O(5))*T + (2*5^-1 + 2 + O(5))*T^3 + (3*5^-1 + 2 + O(5))*T^4 + O(5^0)*T^5 + O(T^6)
1354a1,1,0.0,1.0,1.0,"((3 + O(5))*T + (2*5^-1 + 1 + O(5))*T^3 + (3*5^-1 + 3 + O(5))*T^4 + (4*5^-1 + O(5^0))*T^5 + O(T^6), (4 + 5 + O(5^2))*T + (3 + 2*5 + O(5^2))*T^3 + (2 + 5 + O(5^2))*T^4 + (4*5^-1 + O(5))*T^5 + O(T^6))","((3*5 + O(5^2))*T + (3 + O(5^2))*T^3 + (2 + 4*5 + O(5^2))*T^4 + (2 + O(5))*T^5 + O(T^6), (5 + 4*5^2 + O(5^3))*T + (4*5^2 + O(5^3))*T^3 + (2*5^2 + O(5^3))*T^4 + (1 + 4*5 + O(5^2))*T^5 + O(T^6))","(4*5^2 + 3*5^5 + O(5^24), 3*5^2 + 2*5^3 + 5^4 + 5^5 + O(5^24))",2,(4 + O(5))*T + (2*5^-1 + 2 + O(5))*T^3 + (3*5^-1 + 2 + O(5))*T^4 + O(5^0)*T^5 + O(T^6)
1362c1,1,0.0,3.0,1.0,"(O(5)*T + O(5)*T^2 + (4*5^-1 + 4 + O(5))*T^3 + (3*5^-1 + 3 + O(5))*T^4 + O(5^0)*T^5 + O(T^6), (1 + O(5^2))*T + (3 + O(5^2))*T^2 + (2*5 + O(5^2))*T^3 + (4*5 + O(5^2))*T^4 + (5^-1 + 3 + O(5))*T^5 + O(T^6))","((3*5 + O(5^2))*T + (4*5 + O(5^2))*T^2 + (1 + 2*5 + O(5^2))*T^3 + (2 + O(5^2))*T^4 + (3 + O(5))*T^5 + O(T^6), (4*5 + 2*5^2 + O(5^3))*T + (2*5 + 3*5^2 + O(5^3))*T^2 + (3*5 + 3*5^2 + O(5^3))*T^3 + (5 + O(5^3))*T^4 + (4 + 4*5 + O(5^2))*T^5 + O(T^6))","(3*5^2 + 2*5^3 + 3*5^4 + 2*5^5 + O(5^24), 4*5^2 + 4*5^5 + O(5^24))",11,O(5)*T + O(5)*T^2 + (4*5^-1 + 4 + O(5))*T^3 + (3*5^-1 + 3 + O(5))*T^4 + O(5^0)*T^5 + O(T^6)
1362c1,1,0.0,1.0,1.0,"(O(5)*T + O(5)*T^2 + (4*5^-1 + 4 + O(5))*T^3 + (3*5^-1 + 3 + O(5))*T^4 + O(5^0)*T^5 + O(T^6), (1 + O(5^2))*T + (3 + O(5^2))*T^2 + (2*5 + O(5^2))*T^3 + (4*5 + O(5^2))*T^4 + (5^-1 + 3 + O(5))*T^5 + O(T^6))","((3*5 + O(5^2))*T + (4*5 + O(5^2))*T^2 + (1 + 2*5 + O(5^2))*T^3 + (2 + O(5^2))*T^4 + (3 + O(5))*T^5 + O(T^6), (4*5 + 2*5^2 + O(5^3))*T + (2*5 + 3*5^2 + O(5^3))*T^2 + (3*5 + 3*5^2 + O(5^3))*T^3 + (5 + O(5^3))*T^4 + (4 + 4*5 + O(5^2))*T^5 + O(T^6))","(3*5^2 + 2*5^3 + 3*5^4 + 2*5^5 + O(5^24), 4*5^2 + 4*5^5 + O(5^24))",11,O(5)*T + O(5)*T^2 + (4*5^-1 + 4 + O(5))*T^3 + (3*5^-1 + 3 + O(5))*T^4 + O(5^0)*T^5 + O(T^6)
1368e1,1,0.0,3.0,1.0,"((3 + O(5))*T + (1 + O(5))*T^2 + (3*5^-1 + 4 + O(5))*T^3 + (3*5^-1 + 1 + O(5))*T^4 + (4*5^-1 + O(5^0))*T^5 + O(T^6), (1 + 5 + O(5^2))*T + (2 + 2*5 + O(5^2))*T^2 + (2 + 2*5 + O(5^2))*T^3 + (1 + 5 + O(5^2))*T^4 + (5^-1 + O(5))*T^5 + O(T^6))","((3*5 + O(5^2))*T + (5 + O(5^2))*T^2 + (2 + 2*5 + O(5^2))*T^3 + (2 + 4*5 + O(5^2))*T^4 + (2 + O(5))*T^5 + O(T^6), (4*5 + 2*5^2 + O(5^3))*T + (3*5 + O(5^3))*T^2 + (5 + 5^2 + O(5^3))*T^3 + (2*5 + 3*5^2 + O(5^3))*T^4 + (4 + 4*5 + O(5^2))*T^5 + O(T^6))","(4*5^2 + 4*5^3 + 5^4 + 5^5 + O(5^24), 2*5^2 + 3*5^3 + 3*5^5 + O(5^24))",8,O(5)*T + O(5)*T^2 + (3*5^-1 + 1 + O(5))*T^3 + (3*5^-1 + 1 + O(5))*T^4 + (5^-1 + O(5^0))*T^5 + O(T^6)
1368e1,1,0.0,1.0,1.0,"((3 + O(5))*T + (1 + O(5))*T^2 + (3*5^-1 + 4 + O(5))*T^3 + (3*5^-1 + 1 + O(5))*T^4 + (4*5^-1 + O(5^0))*T^5 + O(T^6), (1 + 5 + O(5^2))*T + (2 + 2*5 + O(5^2))*T^2 + (2 + 2*5 + O(5^2))*T^3 + (1 + 5 + O(5^2))*T^4 + (5^-1 + O(5))*T^5 + O(T^6))","((3*5 + O(5^2))*T + (5 + O(5^2))*T^2 + (2 + 2*5 + O(5^2))*T^3 + (2 + 4*5 + O(5^2))*T^4 + (2 + O(5))*T^5 + O(T^6), (4*5 + 2*5^2 + O(5^3))*T + (3*5 + O(5^3))*T^2 + (5 + 5^2 + O(5^3))*T^3 + (2*5 + 3*5^2 + O(5^3))*T^4 + (4 + 4*5 + O(5^2))*T^5 + O(T^6))","(4*5^2 + 4*5^3 + 5^4 + 5^5 + O(5^24), 2*5^2 + 3*5^3 + 3*5^5 + O(5^24))",8,O(5)*T + O(5)*T^2 + (3*5^-1 + 1 + O(5))*T^3 + (3*5^-1 + 1 + O(5))*T^4 + (5^-1 + O(5^0))*T^5 + O(T^6)
1466c1,1,0.0,3.0,1.0,"((2 + O(5))*T + (1 + O(5))*T^2 + (4*5^-1 + 3 + O(5))*T^3 + (3*5^-1 + 3 + O(5))*T^4 + (2*5^-1 + O(5^0))*T^5 + O(T^6), (3 + 4*5 + O(5^2))*T + (4 + 2*5 + O(5^2))*T^2 + (1 + 5 + O(5^2))*T^3 + (2 + 2*5 + O(5^2))*T^4 + (3*5^-1 + 1 + O(5))*T^5 + O(T^6))","(O(5^2)*T + O(5^2)*T^2 + (1 + O(5^2))*T^3 + (2 + 4*5 + O(5^2))*T^4 + O(5)*T^5 + O(T^6), (2*5 + 5^2 + O(5^3))*T + (5 + O(5^3))*T^2 + O(5^3)*T^3 + (4*5^2 + O(5^3))*T^4 + (2 + 4*5 + O(5^2))*T^5 + O(T^6))","(4*5^5 + O(5^27), 3*5^2 + 4*5^3 + 3*5^4 + 3*5^5 + O(5^24))",4,(4 + O(5))*T + (2 + O(5))*T^2 + (4*5^-1 + O(5))*T^3 + (3*5^-1 + 2 + O(5))*T^4 + (4*5^-1 + O(5^0))*T^5 + O(T^6)
1466c1,1,0.0,1.0,1.0,"((2 + O(5))*T + (1 + O(5))*T^2 + (4*5^-1 + 3 + O(5))*T^3 + (3*5^-1 + 3 + O(5))*T^4 + (2*5^-1 + O(5^0))*T^5 + O(T^6), (3 + 4*5 + O(5^2))*T + (4 + 2*5 + O(5^2))*T^2 + (1 + 5 + O(5^2))*T^3 + (2 + 2*5 + O(5^2))*T^4 + (3*5^-1 + 1 + O(5))*T^5 + O(T^6))","(O(5^2)*T + O(5^2)*T^2 + (1 + O(5^2))*T^3 + (2 + 4*5 + O(5^2))*T^4 + O(5)*T^5 + O(T^6), (2*5 + 5^2 + O(5^3))*T + (5 + O(5^3))*T^2 + O(5^3)*T^3 + (4*5^2 + O(5^3))*T^4 + (2 + 4*5 + O(5^2))*T^5 + O(T^6))","(4*5^5 + O(5^27), 3*5^2 + 4*5^3 + 3*5^4 + 3*5^5 + O(5^24))",4,(4 + O(5))*T + (2 + O(5))*T^2 + (4*5^-1 + O(5))*T^3 + (3*5^-1 + 2 + O(5))*T^4 + (4*5^-1 + O(5^0))*T^5 + O(T^6)
1492a1,1,0.0,3.0,1.0,"((3 + O(5))*T + (2 + O(5))*T^2 + (5^-1 + O(5))*T^3 + (3*5^-1 + 3 + O(5))*T^4 + O(5^0)*T^5 + O(T^6), (4 + 3*5 + O(5^2))*T + (1 + 2*5 + O(5^2))*T^2 + (3 + 3*5 + O(5^2))*T^3 + (3 + 5 + O(5^2))*T^4 + (4*5^-1 + O(5))*T^5 + O(T^6))","((5 + O(5^2))*T + (4*5 + O(5^2))*T^2 + (4 + 2*5 + O(5^2))*T^3 + (2 + 4*5 + O(5^2))*T^4 + (4 + O(5))*T^5 + O(T^6), (5 + 3*5^2 + O(5^3))*T + (4*5 + O(5^3))*T^2 + (3*5 + 2*5^2 + O(5^3))*T^3 + (4*5^2 + O(5^3))*T^4 + (1 + 3*5 + O(5^2))*T^5 + O(T^6))","(2*5^2 + 3*5^4 + 5^5 + O(5^24), 2*5^2 + 2*5^3 + 3*5^4 + 5^5 + O(5^24))",3,(1 + O(5))*T + (4 + O(5))*T^2 + (5^-1 + 2 + O(5))*T^3 + (3*5^-1 + 2 + O(5))*T^4 + (3*5^-1 + O(5^0))*T^5 + O(T^6)
1492a1,1,0.0,1.0,1.0,"((3 + O(5))*T + (2 + O(5))*T^2 + (5^-1 + O(5))*T^3 + (3*5^-1 + 3 + O(5))*T^4 + O(5^0)*T^5 + O(T^6), (4 + 3*5 + O(5^2))*T + (1 + 2*5 + O(5^2))*T^2 + (3 + 3*5 + O(5^2))*T^3 + (3 + 5 + O(5^2))*T^4 + (4*5^-1 + O(5))*T^5 + O(T^6))","((5 + O(5^2))*T + (4*5 + O(5^2))*T^2 + (4 + 2*5 + O(5^2))*T^3 + (2 + 4*5 + O(5^2))*T^4 + (4 + O(5))*T^5 + O(T^6), (5 + 3*5^2 + O(5^3))*T + (4*5 + O(5^3))*T^2 + (3*5 + 2*5^2 + O(5^3))*T^3 + (4*5^2 + O(5^3))*T^4 + (1 + 3*5 + O(5^2))*T^5 + O(T^6))","(2*5^2 + 3*5^4 + 5^5 + O(5^24), 2*5^2 + 2*5^3 + 3*5^4 + 5^5 + O(5^24))",3,(1 + O(5))*T + (4 + O(5))*T^2 + (5^-1 + 2 + O(5))*T^3 + (3*5^-1 + 2 + O(5))*T^4 + (3*5^-1 + O(5^0))*T^5 + O(T^6)
1496a1,1,0.0,3.0,1.0,"((3 + O(5))*T + (2*5^-1 + 3 + O(5))*T^3 + (3*5^-1 + 2 + O(5))*T^4 + (5^-1 + O(5^0))*T^5 + O(T^6), O(5^2)*T + (2*5 + O(5^2))*T^3 + (3*5 + O(5^2))*T^4 + (2 + O(5))*T^5 + O(T^6))","((2*5 + O(5^2))*T + (3 + O(5^2))*T^3 + (2 + 3*5 + O(5^2))*T^4 + (4 + O(5))*T^5 + O(T^6), (5^2 + O(5^3))*T + (4*5 + 2*5^2 + O(5^3))*T^3 + (5 + 4*5^2 + O(5^3))*T^4 + O(5^2)*T^5 + O(T^6))","(2*5^2 + 5^3 + 5^5 + O(5^24), 4*5^4 + 2*5^5 + O(5^26))",4,(3 + O(5))*T + (2*5^-1 + O(5))*T^3 + (3*5^-1 + O(5))*T^4 + (5^-1 + O(5^0))*T^5 + O(T^6)
1496a1,1,0.0,5.0,1.0,"((3 + O(5))*T + (2*5^-1 + 3 + O(5))*T^3 + (3*5^-1 + 2 + O(5))*T^4 + (5^-1 + O(5^0))*T^5 + O(T^6), O(5^2)*T + (2*5 + O(5^2))*T^3 + (3*5 + O(5^2))*T^4 + (2 + O(5))*T^5 + O(T^6))","((2*5 + O(5^2))*T + (3 + O(5^2))*T^3 + (2 + 3*5 + O(5^2))*T^4 + (4 + O(5))*T^5 + O(T^6), (5^2 + O(5^3))*T + (4*5 + 2*5^2 + O(5^3))*T^3 + (5 + 4*5^2 + O(5^3))*T^4 + O(5^2)*T^5 + O(T^6))","(2*5^2 + 5^3 + 5^5 + O(5^24), 4*5^4 + 2*5^5 + O(5^26))",4,(3 + O(5))*T + (2*5^-1 + O(5))*T^3 + (3*5^-1 + O(5))*T^4 + (5^-1 + O(5^0))*T^5 + O(T^6)
1496b1,1,0.0,3.0,1.0,"((3 + O(5))*T + (5^-1 + 2 + O(5))*T^3 + (4*5^-1 + O(5))*T^4 + (3*5^-1 + O(5^0))*T^5 + O(T^6), (2*5 + O(5^2))*T + (4 + 5 + O(5^2))*T^3 + (1 + O(5^2))*T^4 + (1 + O(5))*T^5 + O(T^6))","((2*5 + O(5^2))*T + (4 + O(5^2))*T^3 + (1 + 5 + O(5^2))*T^4 + (2 + O(5))*T^5 + O(T^6), (5^2 + O(5^3))*T + (2*5 + O(5^3))*T^3 + (3*5 + O(5^3))*T^4 + (2*5 + O(5^2))*T^5 + O(T^6))","(3*5^2 + 4*5^3 + 5^5 + O(5^24), 2*5^4 + 4*5^5 + O(5^26))",4,(3 + O(5))*T + (5^-1 + 2 + O(5))*T^3 + (4*5^-1 + O(5))*T^4 + (3*5^-1 + O(5^0))*T^5 + O(T^6)
1496b1,1,0.0,5.0,1.0,"((3 + O(5))*T + (5^-1 + 2 + O(5))*T^3 + (4*5^-1 + O(5))*T^4 + (3*5^-1 + O(5^0))*T^5 + O(T^6), (2*5 + O(5^2))*T + (4 + 5 + O(5^2))*T^3 + (1 + O(5^2))*T^4 + (1 + O(5))*T^5 + O(T^6))","((2*5 + O(5^2))*T + (4 + O(5^2))*T^3 + (1 + 5 + O(5^2))*T^4 + (2 + O(5))*T^5 + O(T^6), (5^2 + O(5^3))*T + (2*5 + O(5^3))*T^3 + (3*5 + O(5^3))*T^4 + (2*5 + O(5^2))*T^5 + O(T^6))","(3*5^2 + 4*5^3 + 5^5 + O(5^24), 2*5^4 + 4*5^5 + O(5^26))",4,(3 + O(5))*T + (5^-1 + 2 + O(5))*T^3 + (4*5^-1 + O(5))*T^4 + (3*5^-1 + O(5^0))*T^5 + O(T^6)
1506b1,1,0.0,3.0,1.0,"((2 + O(5))*T + (3 + O(5))*T^2 + (3*5^-1 + 1 + O(5))*T^3 + (4*5^-1 + 3 + O(5))*T^4 + (2*5^-1 + O(5^0))*T^5 + O(T^6), O(5^2)*T + O(5^2)*T^2 + O(5^2)*T^3 + O(5^2)*T^4 + (4 + O(5))*T^5 + O(T^6))","((3*5 + O(5^2))*T + (2*5 + O(5^2))*T^2 + (2 + 4*5 + O(5^2))*T^3 + (1 + 4*5 + O(5^2))*T^4 + (3 + O(5))*T^5 + O(T^6), (4*5^2 + O(5^3))*T + (5^2 + O(5^3))*T^2 + (5 + 2*5^2 + O(5^3))*T^3 + (3*5 + 4*5^2 + O(5^3))*T^4 + O(5^2)*T^5 + O(T^6))","(3*5^2 + O(5^24), 4*5^4 + O(5^26))",6,(2 + O(5))*T + (3 + O(5))*T^2 + (3*5^-1 + 4 + O(5))*T^3 + (4*5^-1 + 2 + O(5))*T^4 + (2*5^-1 + O(5^0))*T^5 + O(T^6)
1506b1,1,0.0,7.0,1.0,"((2 + O(5))*T + (3 + O(5))*T^2 + (3*5^-1 + 1 + O(5))*T^3 + (4*5^-1 + 3 + O(5))*T^4 + (2*5^-1 + O(5^0))*T^5 + O(T^6), O(5^2)*T + O(5^2)*T^2 + O(5^2)*T^3 + O(5^2)*T^4 + (4 + O(5))*T^5 + O(T^6))","((3*5 + O(5^2))*T + (2*5 + O(5^2))*T^2 + (2 + 4*5 + O(5^2))*T^3 + (1 + 4*5 + O(5^2))*T^4 + (3 + O(5))*T^5 + O(T^6), (4*5^2 + O(5^3))*T + (5^2 + O(5^3))*T^2 + (5 + 2*5^2 + O(5^3))*T^3 + (3*5 + 4*5^2 + O(5^3))*T^4 + O(5^2)*T^5 + O(T^6))","(3*5^2 + O(5^24), 4*5^4 + O(5^26))",6,(2 + O(5))*T + (3 + O(5))*T^2 + (3*5^-1 + 4 + O(5))*T^3 + (4*5^-1 + 2 + O(5))*T^4 + (2*5^-1 + O(5^0))*T^5 + O(T^6)
1518m1,1,0.0,3.0,1.0,"((4 + O(5))*T + (3 + O(5))*T^2 + (2*5^-1 + 2 + O(5))*T^3 + (2*5^-1 + 1 + O(5))*T^4 + O(5^0)*T^5 + O(T^6), (1 + 4*5 + O(5^2))*T + (2 + 3*5 + O(5^2))*T^2 + (1 + 4*5 + O(5^2))*T^3 + (5 + O(5^2))*T^4 + (5^-1 + O(5))*T^5 + O(T^6))","(O(5^2)*T + O(5^2)*T^2 + (3 + 4*5 + O(5^2))*T^3 + (3 + 5 + O(5^2))*T^4 + (4 + O(5))*T^5 + O(T^6), (4*5 + 3*5^2 + O(5^3))*T + (3*5 + 2*5^2 + O(5^3))*T^2 + (2*5 + 3*5^2 + O(5^3))*T^3 + (3*5 + O(5^3))*T^4 + (4 + 5 + O(5^2))*T^5 + O(T^6))","(5^3 + 2*5^4 + 2*5^5 + O(5^25), 3*5^2 + 3*5^3 + 3*5^4 + 2*5^5 + O(5^24))",32,(3 + O(5))*T + (1 + O(5))*T^2 + (2*5^-1 + 2 + O(5))*T^3 + (2*5^-1 + 2 + O(5))*T^4 + (4*5^-1 + O(5^0))*T^5 + O(T^6)
1518m1,1,0.0,1.0,1.0,"((4 + O(5))*T + (3 + O(5))*T^2 + (2*5^-1 + 2 + O(5))*T^3 + (2*5^-1 + 1 + O(5))*T^4 + O(5^0)*T^5 + O(T^6), (1 + 4*5 + O(5^2))*T + (2 + 3*5 + O(5^2))*T^2 + (1 + 4*5 + O(5^2))*T^3 + (5 + O(5^2))*T^4 + (5^-1 + O(5))*T^5 + O(T^6))","(O(5^2)*T + O(5^2)*T^2 + (3 + 4*5 + O(5^2))*T^3 + (3 + 5 + O(5^2))*T^4 + (4 + O(5))*T^5 + O(T^6), (4*5 + 3*5^2 + O(5^3))*T + (3*5 + 2*5^2 + O(5^3))*T^2 + (2*5 + 3*5^2 + O(5^3))*T^3 + (3*5 + O(5^3))*T^4 + (4 + 5 + O(5^2))*T^5 + O(T^6))","(5^3 + 2*5^4 + 2*5^5 + O(5^25), 3*5^2 + 3*5^3 + 3*5^4 + 2*5^5 + O(5^24))",32,(3 + O(5))*T + (1 + O(5))*T^2 + (2*5^-1 + 2 + O(5))*T^3 + (2*5^-1 + 2 + O(5))*T^4 + (4*5^-1 + O(5^0))*T^5 + O(T^6)
1569a1,1,0.0,3.0,1.0,"((3 + O(5))*T + (2 + O(5))*T^2 + (4*5^-1 + 4 + O(5))*T^3 + (2*5^-1 + 4 + O(5))*T^4 + O(5^0)*T^5 + O(T^6), O(5^2)*T + O(5^2)*T^2 + O(5^2)*T^3 + O(5^2)*T^4 + (2 + O(5))*T^5 + O(T^6))","((2*5 + O(5^2))*T + (3*5 + O(5^2))*T^2 + (1 + O(5^2))*T^3 + (3 + O(5^2))*T^4 + O(5)*T^5 + O(T^6), (5^2 + O(5^3))*T + (4*5^2 + O(5^3))*T^2 + (3*5 + 2*5^2 + O(5^3))*T^3 + (4*5 + 2*5^2 + O(5^3))*T^4 + (3*5 + O(5^2))*T^5 + O(T^6))","(5^2 + 3*5^3 + 3*5^4 + 4*5^5 + O(5^24), 4*5^4 + 2*5^5 + O(5^26))",2,(3 + O(5))*T + (2 + O(5))*T^2 + (4*5^-1 + 1 + O(5))*T^3 + (2*5^-1 + O(5))*T^4 + O(T^6)
1569a1,1,0.0,5.0,1.0,"((3 + O(5))*T + (2 + O(5))*T^2 + (4*5^-1 + 4 + O(5))*T^3 + (2*5^-1 + 4 + O(5))*T^4 + O(5^0)*T^5 + O(T^6), O(5^2)*T + O(5^2)*T^2 + O(5^2)*T^3 + O(5^2)*T^4 + (2 + O(5))*T^5 + O(T^6))","((2*5 + O(5^2))*T + (3*5 + O(5^2))*T^2 + (1 + O(5^2))*T^3 + (3 + O(5^2))*T^4 + O(5)*T^5 + O(T^6), (5^2 + O(5^3))*T + (4*5^2 + O(5^3))*T^2 + (3*5 + 2*5^2 + O(5^3))*T^3 + (4*5 + 2*5^2 + O(5^3))*T^4 + (3*5 + O(5^2))*T^5 + O(T^6))","(5^2 + 3*5^3 + 3*5^4 + 4*5^5 + O(5^24), 4*5^4 + 2*5^5 + O(5^26))",2,(3 + O(5))*T + (2 + O(5))*T^2 + (4*5^-1 + 1 + O(5))*T^3 + (2*5^-1 + O(5))*T^4 + O(T^6)
1599b1,1,0.0,3.0,1.0,"((2 + O(5))*T + (4 + O(5))*T^2 + (3*5^-1 + 4 + O(5))*T^3 + (3*5^-1 + 4 + O(5))*T^4 + (3*5^-1 + O(5^0))*T^5 + O(T^6), (4 + 5 + O(5^2))*T + (3 + 2*5 + O(5^2))*T^2 + (3*5 + O(5^2))*T^3 + (1 + O(5^2))*T^4 + (4*5^-1 + 3 + O(5))*T^5 + O(T^6))","((2*5 + O(5^2))*T + (4*5 + O(5^2))*T^2 + (2 + 5 + O(5^2))*T^3 + (2 + 2*5 + O(5^2))*T^4 + (1 + O(5))*T^5 + O(T^6), (5 + 5^2 + O(5^3))*T + (2*5 + 3*5^2 + O(5^3))*T^2 + (3*5 + O(5^3))*T^3 + (2*5 + 2*5^2 + O(5^3))*T^4 + (1 + O(5^2))*T^5 + O(T^6))","(5^2 + 5^3 + 5^4 + 3*5^5 + O(5^24), 3*5^2 + 5^3 + 4*5^4 + O(5^24))",2,O(5)*T + O(5)*T^2 + (3*5^-1 + 1 + O(5))*T^3 + (3*5^-1 + 3 + O(5))*T^4 + (5^-1 + O(5^0))*T^5 + O(T^6)
1599b1,1,0.0,1.0,1.0,"((2 + O(5))*T + (4 + O(5))*T^2 + (3*5^-1 + 4 + O(5))*T^3 + (3*5^-1 + 4 + O(5))*T^4 + (3*5^-1 + O(5^0))*T^5 + O(T^6), (4 + 5 + O(5^2))*T + (3 + 2*5 + O(5^2))*T^2 + (3*5 + O(5^2))*T^3 + (1 + O(5^2))*T^4 + (4*5^-1 + 3 + O(5))*T^5 + O(T^6))","((2*5 + O(5^2))*T + (4*5 + O(5^2))*T^2 + (2 + 5 + O(5^2))*T^3 + (2 + 2*5 + O(5^2))*T^4 + (1 + O(5))*T^5 + O(T^6), (5 + 5^2 + O(5^3))*T + (2*5 + 3*5^2 + O(5^3))*T^2 + (3*5 + O(5^3))*T^3 + (2*5 + 2*5^2 + O(5^3))*T^4 + (1 + O(5^2))*T^5 + O(T^6))","(5^2 + 5^3 + 5^4 + 3*5^5 + O(5^24), 3*5^2 + 5^3 + 4*5^4 + O(5^24))",2,O(5)*T + O(5)*T^2 + (3*5^-1 + 1 + O(5))*T^3 + (3*5^-1 + 3 + O(5))*T^4 + (5^-1 + O(5^0))*T^5 + O(T^6)
1613a1,1,0.0,6.0,5.0,"((1 + O(5))*T^2 + (2 + O(5))*T^4 + O(5^0)*T^5 + O(T^6), (3 + 3*5 + O(5^2))*T^2 + (4 + O(5^2))*T^4 + (1 + O(5))*T^5 + O(T^6))","((2*5 + O(5^2))*T^2 + (2*5 + O(5^2))*T^4 + O(5)*T^5 + O(T^6), (2*5 + 2*5^2 + O(5^3))*T^2 + (5 + 5^2 + O(5^3))*T^4 + (4*5 + O(5^2))*T^5 + O(T^6))","(2*5^3 + 5^4 + 3*5^5 + O(5^25), 2*5^3 + 4*5^4 + O(5^25))",1,(2 + O(5))*T^2 + O(5)*T^4 + O(T^6)
1613a1,1,0.0,2.0,1.0,"((1 + O(5))*T^2 + (2 + O(5))*T^4 + O(5^0)*T^5 + O(T^6), (3 + 3*5 + O(5^2))*T^2 + (4 + O(5^2))*T^4 + (1 + O(5))*T^5 + O(T^6))","((2*5 + O(5^2))*T^2 + (2*5 + O(5^2))*T^4 + O(5)*T^5 + O(T^6), (2*5 + 2*5^2 + O(5^3))*T^2 + (5 + 5^2 + O(5^3))*T^4 + (4*5 + O(5^2))*T^5 + O(T^6))","(2*5^3 + 5^4 + 3*5^5 + O(5^25), 2*5^3 + 4*5^4 + O(5^25))",1,(2 + O(5))*T^2 + O(5)*T^4 + O(T^6)
1617a1,1,0.0,3.0,1.0,"(O(5)*T + O(5)*T^2 + (2*5^-1 + 3 + O(5))*T^3 + (5^-1 + O(5))*T^4 + (5^-1 + O(5^0))*T^5 + O(T^6), (2 + O(5^2))*T + (3 + O(5^2))*T^2 + (2 + 3*5 + O(5^2))*T^3 + (3 + 5 + O(5^2))*T^4 + (2*5^-1 + 2 + O(5))*T^5 + O(T^6))","((5 + O(5^2))*T + (4*5 + O(5^2))*T^2 + (3 + 3*5 + O(5^2))*T^3 + (4 + 5 + O(5^2))*T^4 + O(5)*T^5 + O(T^6), (3*5 + O(5^3))*T + (2*5 + 3*5^2 + O(5^3))*T^2 + (2*5 + O(5^3))*T^3 + (4*5 + O(5^3))*T^4 + (3 + O(5^2))*T^5 + O(T^6))","(2*5^2 + 4*5^3 + 3*5^4 + 4*5^5 + O(5^24), 5^2 + 4*5^3 + 3*5^4 + O(5^24))",3,O(5)*T + O(5)*T^2 + (2*5^-1 + 3 + O(5))*T^3 + (5^-1 + O(5))*T^4 + (5^-1 + O(5^0))*T^5 + O(T^6)
1617a1,1,0.0,1.0,1.0,"(O(5)*T + O(5)*T^2 + (2*5^-1 + 3 + O(5))*T^3 + (5^-1 + O(5))*T^4 + (5^-1 + O(5^0))*T^5 + O(T^6), (2 + O(5^2))*T + (3 + O(5^2))*T^2 + (2 + 3*5 + O(5^2))*T^3 + (3 + 5 + O(5^2))*T^4 + (2*5^-1 + 2 + O(5))*T^5 + O(T^6))","((5 + O(5^2))*T + (4*5 + O(5^2))*T^2 + (3 + 3*5 + O(5^2))*T^3 + (4 + 5 + O(5^2))*T^4 + O(5)*T^5 + O(T^6), (3*5 + O(5^3))*T + (2*5 + 3*5^2 + O(5^3))*T^2 + (2*5 + O(5^3))*T^3 + (4*5 + O(5^3))*T^4 + (3 + O(5^2))*T^5 + O(T^6))","(2*5^2 + 4*5^3 + 3*5^4 + 4*5^5 + O(5^24), 5^2 + 4*5^3 + 3*5^4 + O(5^24))",3,O(5)*T + O(5)*T^2 + (2*5^-1 + 3 + O(5))*T^3 + (5^-1 + O(5))*T^4 + (5^-1 + O(5^0))*T^5 + O(T^6)
